/*
SQLyog Ultimate v12.08 (64 bit)
MySQL - 8.0.40 : Database - db_shop
*********************************************************************
*/

/*!40101 SET NAMES utf8 */;

/*!40101 SET SQL_MODE=''*/;

/*!40014 SET @OLD_UNIQUE_CHECKS=@@UNIQUE_CHECKS, UNIQUE_CHECKS=0 */;
/*!40014 SET @OLD_FOREIGN_KEY_CHECKS=@@FOREIGN_KEY_CHECKS, FOREIGN_KEY_CHECKS=0 */;
/*!40101 SET @OLD_SQL_MODE=@@SQL_MODE, SQL_MODE='NO_AUTO_VALUE_ON_ZERO' */;
/*!40111 SET @OLD_SQL_NOTES=@@SQL_NOTES, SQL_NOTES=0 */;
CREATE DATABASE /*!32312 IF NOT EXISTS*/`db_shop` /*!40100 DEFAULT CHARACTER SET utf8mb4 COLLATE utf8mb4_general_ci */ /*!80016 DEFAULT ENCRYPTION='N' */;

USE `db_shop`;

/*Table structure for table `sys_config` */

DROP TABLE IF EXISTS `sys_config`;

CREATE TABLE `sys_config` (
  `config_id` int NOT NULL AUTO_INCREMENT COMMENT '参数主键',
  `config_name` varchar(100) DEFAULT '' COMMENT '参数名称',
  `config_key` varchar(100) DEFAULT '' COMMENT '参数键名',
  `config_value` varchar(500) DEFAULT '' COMMENT '参数键值',
  `config_type` char(1) DEFAULT 'N' COMMENT '系统内置（Y是 N否）',
  `create_by` varchar(64) DEFAULT '' COMMENT '创建者',
  `create_time` datetime DEFAULT NULL COMMENT '创建时间',
  `update_by` varchar(64) DEFAULT '' COMMENT '更新者',
  `update_time` datetime DEFAULT NULL COMMENT '更新时间',
  `remark` varchar(500) DEFAULT NULL COMMENT '备注',
  PRIMARY KEY (`config_id`) USING BTREE
) ENGINE=InnoDB AUTO_INCREMENT=6 DEFAULT CHARSET=utf8mb3 ROW_FORMAT=DYNAMIC COMMENT='参数配置表';

/*Data for the table `sys_config` */

insert  into `sys_config`(`config_id`,`config_name`,`config_key`,`config_value`,`config_type`,`create_by`,`create_time`,`update_by`,`update_time`,`remark`) values (1,'主框架页-默认皮肤样式名称','sys.index.skinName','skin-blue','Y','admin','2023-02-03 14:06:49','',NULL,'蓝色 skin-blue、绿色 skin-green、紫色 skin-purple、红色 skin-red、黄色 skin-yellow'),(2,'用户管理-账号初始密码','sys.user.initPassword','123456','Y','admin','2023-02-03 14:06:49','',NULL,'初始化密码 123456'),(3,'主框架页-侧边栏主题','sys.index.sideTheme','theme-dark','Y','admin','2023-02-03 14:06:49','',NULL,'深色主题theme-dark，浅色主题theme-light'),(4,'账号自助-验证码开关','sys.account.captchaEnabled','true','Y','admin','2023-02-03 14:06:49','',NULL,'是否开启验证码功能（true开启，false关闭）'),(5,'账号自助-是否开启用户注册功能','sys.account.registerUser','false','Y','admin','2023-02-03 14:06:49','',NULL,'是否开启注册用户功能（true开启，false关闭）');

/*Table structure for table `sys_dept` */

DROP TABLE IF EXISTS `sys_dept`;

CREATE TABLE `sys_dept` (
  `dept_id` bigint NOT NULL AUTO_INCREMENT COMMENT '部门id',
  `parent_id` bigint DEFAULT '0' COMMENT '父部门id',
  `ancestors` varchar(50) DEFAULT '' COMMENT '祖级列表',
  `dept_name` varchar(30) DEFAULT '' COMMENT '部门名称',
  `order_num` int DEFAULT '0' COMMENT '显示顺序',
  `leader` varchar(20) DEFAULT NULL COMMENT '负责人',
  `phone` varchar(11) DEFAULT NULL COMMENT '联系电话',
  `email` varchar(50) DEFAULT NULL COMMENT '邮箱',
  `status` char(1) DEFAULT '0' COMMENT '部门状态（0正常 1停用）',
  `del_flag` char(1) DEFAULT '0' COMMENT '删除标志（0代表存在 2代表删除）',
  `create_by` varchar(64) DEFAULT '' COMMENT '创建者',
  `create_time` datetime DEFAULT NULL COMMENT '创建时间',
  `update_by` varchar(64) DEFAULT '' COMMENT '更新者',
  `update_time` datetime DEFAULT NULL COMMENT '更新时间',
  PRIMARY KEY (`dept_id`) USING BTREE
) ENGINE=InnoDB AUTO_INCREMENT=110 DEFAULT CHARSET=utf8mb3 ROW_FORMAT=DYNAMIC COMMENT='部门表';

/*Data for the table `sys_dept` */

insert  into `sys_dept`(`dept_id`,`parent_id`,`ancestors`,`dept_name`,`order_num`,`leader`,`phone`,`email`,`status`,`del_flag`,`create_by`,`create_time`,`update_by`,`update_time`) values (100,0,'0','若依科技',0,'若依','15888888888','ry@qq.com','0','0','admin','2023-02-03 14:06:47','',NULL),(101,100,'0,100','深圳总公司',1,'若依','15888888888','ry@qq.com','0','0','admin','2023-02-03 14:06:47','',NULL),(102,100,'0,100','长沙分公司',2,'若依','15888888888','ry@qq.com','0','0','admin','2023-02-03 14:06:47','',NULL),(103,101,'0,100,101','研发部门',1,'若依','15888888888','ry@qq.com','0','0','admin','2023-02-03 14:06:47','',NULL),(104,101,'0,100,101','市场部门',2,'若依','15888888888','ry@qq.com','0','0','admin','2023-02-03 14:06:47','',NULL),(105,101,'0,100,101','测试部门',3,'若依','15888888888','ry@qq.com','0','0','admin','2023-02-03 14:06:47','',NULL),(106,101,'0,100,101','财务部门',4,'若依','15888888888','ry@qq.com','0','0','admin','2023-02-03 14:06:47','',NULL),(107,101,'0,100,101','运维部门',5,'若依','15888888888','ry@qq.com','0','0','admin','2023-02-03 14:06:47','',NULL),(108,102,'0,100,102','市场部门',1,'若依','15888888888','ry@qq.com','0','0','admin','2023-02-03 14:06:47','',NULL),(109,102,'0,100,102','财务部门',2,'若依','15888888888','ry@qq.com','0','0','admin','2023-02-03 14:06:47','',NULL);

/*Table structure for table `sys_dict_data` */

DROP TABLE IF EXISTS `sys_dict_data`;

CREATE TABLE `sys_dict_data` (
  `dict_code` bigint NOT NULL AUTO_INCREMENT COMMENT '字典编码',
  `dict_sort` int DEFAULT '0' COMMENT '字典排序',
  `dict_label` varchar(100) DEFAULT '' COMMENT '字典标签',
  `dict_value` varchar(100) DEFAULT '' COMMENT '字典键值',
  `dict_type` varchar(100) DEFAULT '' COMMENT '字典类型',
  `css_class` varchar(100) DEFAULT NULL COMMENT '样式属性（其他样式扩展）',
  `list_class` varchar(100) DEFAULT NULL COMMENT '表格回显样式',
  `is_default` char(1) DEFAULT 'N' COMMENT '是否默认（Y是 N否）',
  `status` char(1) DEFAULT '0' COMMENT '状态（0正常 1停用）',
  `create_by` varchar(64) DEFAULT '' COMMENT '创建者',
  `create_time` datetime DEFAULT NULL COMMENT '创建时间',
  `update_by` varchar(64) DEFAULT '' COMMENT '更新者',
  `update_time` datetime DEFAULT NULL COMMENT '更新时间',
  `remark` varchar(500) DEFAULT NULL COMMENT '备注',
  PRIMARY KEY (`dict_code`) USING BTREE
) ENGINE=InnoDB AUTO_INCREMENT=30 DEFAULT CHARSET=utf8mb3 ROW_FORMAT=DYNAMIC COMMENT='字典数据表';

/*Data for the table `sys_dict_data` */

insert  into `sys_dict_data`(`dict_code`,`dict_sort`,`dict_label`,`dict_value`,`dict_type`,`css_class`,`list_class`,`is_default`,`status`,`create_by`,`create_time`,`update_by`,`update_time`,`remark`) values (1,1,'男','0','sys_user_sex','','','Y','0','admin','2023-02-03 14:06:49','',NULL,'性别男'),(2,2,'女','1','sys_user_sex','','','N','0','admin','2023-02-03 14:06:49','',NULL,'性别女'),(3,3,'未知','2','sys_user_sex','','','N','0','admin','2023-02-03 14:06:49','',NULL,'性别未知'),(4,1,'显示','0','sys_show_hide','','primary','Y','0','admin','2023-02-03 14:06:49','',NULL,'显示菜单'),(5,2,'隐藏','1','sys_show_hide','','danger','N','0','admin','2023-02-03 14:06:49','',NULL,'隐藏菜单'),(6,1,'正常','0','sys_normal_disable','','primary','Y','0','admin','2023-02-03 14:06:49','',NULL,'正常状态'),(7,2,'停用','1','sys_normal_disable','','danger','N','0','admin','2023-02-03 14:06:49','',NULL,'停用状态'),(8,1,'正常','0','sys_job_status','','primary','Y','0','admin','2023-02-03 14:06:49','',NULL,'正常状态'),(9,2,'暂停','1','sys_job_status','','danger','N','0','admin','2023-02-03 14:06:49','',NULL,'停用状态'),(10,1,'默认','DEFAULT','sys_job_group','','','Y','0','admin','2023-02-03 14:06:49','',NULL,'默认分组'),(11,2,'系统','SYSTEM','sys_job_group','','','N','0','admin','2023-02-03 14:06:49','',NULL,'系统分组'),(12,1,'是','Y','sys_yes_no','','primary','Y','0','admin','2023-02-03 14:06:49','',NULL,'系统默认是'),(13,2,'否','N','sys_yes_no','','danger','N','0','admin','2023-02-03 14:06:49','',NULL,'系统默认否'),(14,1,'通知','1','sys_notice_type','','warning','Y','0','admin','2023-02-03 14:06:49','',NULL,'通知'),(15,2,'公告','2','sys_notice_type','','success','N','0','admin','2023-02-03 14:06:49','',NULL,'公告'),(16,1,'正常','0','sys_notice_status','','primary','Y','0','admin','2023-02-03 14:06:49','',NULL,'正常状态'),(17,2,'关闭','1','sys_notice_status','','danger','N','0','admin','2023-02-03 14:06:49','',NULL,'关闭状态'),(18,99,'其他','0','sys_oper_type','','info','N','0','admin','2023-02-03 14:06:49','',NULL,'其他操作'),(19,1,'新增','1','sys_oper_type','','info','N','0','admin','2023-02-03 14:06:49','',NULL,'新增操作'),(20,2,'修改','2','sys_oper_type','','info','N','0','admin','2023-02-03 14:06:49','',NULL,'修改操作'),(21,3,'删除','3','sys_oper_type','','danger','N','0','admin','2023-02-03 14:06:49','',NULL,'删除操作'),(22,4,'授权','4','sys_oper_type','','primary','N','0','admin','2023-02-03 14:06:49','',NULL,'授权操作'),(23,5,'导出','5','sys_oper_type','','warning','N','0','admin','2023-02-03 14:06:49','',NULL,'导出操作'),(24,6,'导入','6','sys_oper_type','','warning','N','0','admin','2023-02-03 14:06:49','',NULL,'导入操作'),(25,7,'强退','7','sys_oper_type','','danger','N','0','admin','2023-02-03 14:06:49','',NULL,'强退操作'),(26,8,'生成代码','8','sys_oper_type','','warning','N','0','admin','2023-02-03 14:06:49','',NULL,'生成操作'),(27,9,'清空数据','9','sys_oper_type','','danger','N','0','admin','2023-02-03 14:06:49','',NULL,'清空操作'),(28,1,'成功','0','sys_common_status','','primary','N','0','admin','2023-02-03 14:06:49','',NULL,'正常状态'),(29,2,'失败','1','sys_common_status','','danger','N','0','admin','2023-02-03 14:06:49','',NULL,'停用状态');

/*Table structure for table `sys_dict_type` */

DROP TABLE IF EXISTS `sys_dict_type`;

CREATE TABLE `sys_dict_type` (
  `dict_id` bigint NOT NULL AUTO_INCREMENT COMMENT '字典主键',
  `dict_name` varchar(100) DEFAULT '' COMMENT '字典名称',
  `dict_type` varchar(100) DEFAULT '' COMMENT '字典类型',
  `status` char(1) DEFAULT '0' COMMENT '状态（0正常 1停用）',
  `create_by` varchar(64) DEFAULT '' COMMENT '创建者',
  `create_time` datetime DEFAULT NULL COMMENT '创建时间',
  `update_by` varchar(64) DEFAULT '' COMMENT '更新者',
  `update_time` datetime DEFAULT NULL COMMENT '更新时间',
  `remark` varchar(500) DEFAULT NULL COMMENT '备注',
  PRIMARY KEY (`dict_id`) USING BTREE,
  UNIQUE KEY `dict_type` (`dict_type`) USING BTREE
) ENGINE=InnoDB AUTO_INCREMENT=11 DEFAULT CHARSET=utf8mb3 ROW_FORMAT=DYNAMIC COMMENT='字典类型表';

/*Data for the table `sys_dict_type` */

insert  into `sys_dict_type`(`dict_id`,`dict_name`,`dict_type`,`status`,`create_by`,`create_time`,`update_by`,`update_time`,`remark`) values (1,'用户性别','sys_user_sex','0','admin','2023-02-03 14:06:49','',NULL,'用户性别列表'),(2,'菜单状态','sys_show_hide','0','admin','2023-02-03 14:06:49','',NULL,'菜单状态列表'),(3,'系统开关','sys_normal_disable','0','admin','2023-02-03 14:06:49','',NULL,'系统开关列表'),(4,'任务状态','sys_job_status','0','admin','2023-02-03 14:06:49','',NULL,'任务状态列表'),(5,'任务分组','sys_job_group','0','admin','2023-02-03 14:06:49','',NULL,'任务分组列表'),(6,'系统是否','sys_yes_no','0','admin','2023-02-03 14:06:49','',NULL,'系统是否列表'),(7,'通知类型','sys_notice_type','0','admin','2023-02-03 14:06:49','',NULL,'通知类型列表'),(8,'通知状态','sys_notice_status','0','admin','2023-02-03 14:06:49','',NULL,'通知状态列表'),(9,'操作类型','sys_oper_type','0','admin','2023-02-03 14:06:49','',NULL,'操作类型列表'),(10,'系统状态','sys_common_status','0','admin','2023-02-03 14:06:49','',NULL,'登录状态列表');

/*Table structure for table `sys_job` */

DROP TABLE IF EXISTS `sys_job`;

CREATE TABLE `sys_job` (
  `job_id` bigint NOT NULL AUTO_INCREMENT COMMENT '任务ID',
  `job_name` varchar(64) NOT NULL DEFAULT '' COMMENT '任务名称',
  `job_group` varchar(64) NOT NULL DEFAULT 'DEFAULT' COMMENT '任务组名',
  `invoke_target` varchar(500) NOT NULL COMMENT '调用目标字符串',
  `cron_expression` varchar(255) DEFAULT '' COMMENT 'cron执行表达式',
  `misfire_policy` varchar(20) DEFAULT '3' COMMENT '计划执行错误策略（1立即执行 2执行一次 3放弃执行）',
  `concurrent` char(1) DEFAULT '1' COMMENT '是否并发执行（0允许 1禁止）',
  `status` char(1) DEFAULT '0' COMMENT '状态（0正常 1暂停）',
  `create_by` varchar(64) DEFAULT '' COMMENT '创建者',
  `create_time` datetime DEFAULT NULL COMMENT '创建时间',
  `update_by` varchar(64) DEFAULT '' COMMENT '更新者',
  `update_time` datetime DEFAULT NULL COMMENT '更新时间',
  `remark` varchar(500) DEFAULT '' COMMENT '备注信息',
  PRIMARY KEY (`job_id`,`job_name`,`job_group`) USING BTREE
) ENGINE=InnoDB AUTO_INCREMENT=4 DEFAULT CHARSET=utf8mb3 ROW_FORMAT=DYNAMIC COMMENT='定时任务调度表';

/*Data for the table `sys_job` */

insert  into `sys_job`(`job_id`,`job_name`,`job_group`,`invoke_target`,`cron_expression`,`misfire_policy`,`concurrent`,`status`,`create_by`,`create_time`,`update_by`,`update_time`,`remark`) values (1,'系统默认（无参）','DEFAULT','ryTask.ryNoParams','0/10 * * * * ?','3','1','1','admin','2023-02-03 14:06:49','',NULL,''),(2,'系统默认（有参）','DEFAULT','ryTask.ryParams(\'ry\')','0/15 * * * * ?','3','1','1','admin','2023-02-03 14:06:49','',NULL,''),(3,'系统默认（多参）','DEFAULT','ryTask.ryMultipleParams(\'ry\', true, 2000L, 316.50D, 100)','0/20 * * * * ?','3','1','1','admin','2023-02-03 14:06:49','',NULL,'');

/*Table structure for table `sys_job_log` */

DROP TABLE IF EXISTS `sys_job_log`;

CREATE TABLE `sys_job_log` (
  `job_log_id` bigint NOT NULL AUTO_INCREMENT COMMENT '任务日志ID',
  `job_name` varchar(64) NOT NULL COMMENT '任务名称',
  `job_group` varchar(64) NOT NULL COMMENT '任务组名',
  `invoke_target` varchar(500) NOT NULL COMMENT '调用目标字符串',
  `job_message` varchar(500) DEFAULT NULL COMMENT '日志信息',
  `status` char(1) DEFAULT '0' COMMENT '执行状态（0正常 1失败）',
  `exception_info` varchar(2000) DEFAULT '' COMMENT '异常信息',
  `create_time` datetime DEFAULT NULL COMMENT '创建时间',
  PRIMARY KEY (`job_log_id`) USING BTREE
) ENGINE=InnoDB DEFAULT CHARSET=utf8mb3 ROW_FORMAT=DYNAMIC COMMENT='定时任务调度日志表';

/*Data for the table `sys_job_log` */

/*Table structure for table `sys_logininfor` */

DROP TABLE IF EXISTS `sys_logininfor`;

CREATE TABLE `sys_logininfor` (
  `info_id` bigint NOT NULL AUTO_INCREMENT COMMENT '访问ID',
  `user_name` varchar(50) DEFAULT '' COMMENT '用户账号',
  `ipaddr` varchar(128) DEFAULT '' COMMENT '登录IP地址',
  `login_location` varchar(255) DEFAULT '' COMMENT '登录地点',
  `browser` varchar(50) DEFAULT '' COMMENT '浏览器类型',
  `os` varchar(50) DEFAULT '' COMMENT '操作系统',
  `status` char(1) DEFAULT '0' COMMENT '登录状态（0成功 1失败）',
  `msg` varchar(255) DEFAULT '' COMMENT '提示消息',
  `login_time` datetime DEFAULT NULL COMMENT '访问时间',
  PRIMARY KEY (`info_id`) USING BTREE
) ENGINE=InnoDB AUTO_INCREMENT=431 DEFAULT CHARSET=utf8mb3 ROW_FORMAT=DYNAMIC COMMENT='系统访问记录';

/*Data for the table `sys_logininfor` */

insert  into `sys_logininfor`(`info_id`,`user_name`,`ipaddr`,`login_location`,`browser`,`os`,`status`,`msg`,`login_time`) values (100,'admin','127.0.0.1','内网IP','Chrome 10','Windows 10','0','登录成功','2023-02-03 14:13:46'),(101,'admin','127.0.0.1','内网IP','Chrome 10','Windows 10','0','登录成功','2023-02-03 15:50:46'),(102,'admin','127.0.0.1','内网IP','Chrome 10','Windows 10','0','登录成功','2023-02-03 23:13:19'),(103,'admin','127.0.0.1','内网IP','Chrome 10','Windows 10','0','登录成功','2023-02-04 11:36:24'),(104,'admin','127.0.0.1','内网IP','Chrome 10','Windows 10','0','登录成功','2023-02-04 12:36:58'),(105,'admin','127.0.0.1','内网IP','Chrome 10','Windows 10','0','退出成功','2023-02-04 12:41:14'),(106,'admin','127.0.0.1','内网IP','Chrome 10','Windows 10','0','登录成功','2023-02-04 12:41:31'),(107,'admin','127.0.0.1','内网IP','Chrome 10','Windows 10','0','退出成功','2023-02-04 12:42:34'),(108,'user1','127.0.0.1','内网IP','Chrome 10','Windows 10','0','注册成功','2023-02-04 12:42:51'),(109,'user1','127.0.0.1','内网IP','Chrome 10','Windows 10','0','登录成功','2023-02-04 12:42:59'),(110,'user1','127.0.0.1','内网IP','Chrome 10','Windows 10','0','退出成功','2023-02-04 12:43:46'),(111,'user1','127.0.0.1','内网IP','Chrome 10','Windows 10','0','登录成功','2023-02-04 12:43:52'),(112,'admin','127.0.0.1','内网IP','Firefox 10','Windows 10','0','退出成功','2023-02-14 17:53:51'),(113,'admin','127.0.0.1','内网IP','Firefox 10','Windows 10','0','登录成功','2023-02-14 17:54:02'),(114,'admin','127.0.0.1','内网IP','Firefox 10','Windows 10','0','退出成功','2023-02-14 17:54:09'),(115,'user1','127.0.0.1','内网IP','Firefox 10','Windows 10','1','验证码错误','2023-02-14 17:54:19'),(116,'user1','127.0.0.1','内网IP','Firefox 10','Windows 10','0','登录成功','2023-02-14 17:54:22'),(117,'user1','127.0.0.1','内网IP','Firefox 10','Windows 10','0','退出成功','2023-02-14 17:54:49'),(118,'admin','127.0.0.1','内网IP','Firefox 10','Windows 10','0','登录成功','2023-02-14 17:55:01'),(119,'user1','127.0.0.1','内网IP','Chrome 11','Windows 10','0','登录成功','2023-02-14 23:45:58'),(120,'user1','127.0.0.1','内网IP','Chrome 11','Windows 10','0','退出成功','2023-02-14 23:46:27'),(121,'admin','127.0.0.1','内网IP','Chrome 11','Windows 10','0','登录成功','2023-02-14 23:46:37'),(122,'admin','127.0.0.1','内网IP','Chrome 11','Windows 10','0','退出成功','2023-02-14 23:47:18'),(123,'user1','127.0.0.1','内网IP','Chrome 11','Windows 10','0','登录成功','2023-02-14 23:47:32'),(124,'user1','127.0.0.1','内网IP','Chrome 11','Windows 10','0','退出成功','2023-02-14 23:47:49'),(125,'admin','127.0.0.1','内网IP','Chrome 11','Windows 10','0','登录成功','2023-02-14 23:48:00'),(126,'admin','127.0.0.1','内网IP','Chrome 11','Windows 10','0','退出成功','2023-02-14 23:48:29'),(127,'user1','127.0.0.1','内网IP','Chrome 11','Windows 10','0','登录成功','2023-02-14 23:48:41'),(128,'user1','127.0.0.1','内网IP','Chrome 11','Windows 10','0','退出成功','2023-02-14 23:48:59'),(129,'admin','127.0.0.1','内网IP','Chrome 11','Windows 10','0','登录成功','2023-02-14 23:49:13'),(130,'admin','127.0.0.1','内网IP','Chrome 11','Windows 10','0','退出成功','2023-02-14 23:49:42'),(131,'user1','127.0.0.1','内网IP','Chrome 11','Windows 10','0','登录成功','2023-02-14 23:49:53'),(132,'admin','127.0.0.1','内网IP','Firefox 10','Windows 10','1','验证码错误','2023-02-14 23:51:06'),(133,'admin','127.0.0.1','内网IP','Firefox 10','Windows 10','0','登录成功','2023-02-14 23:51:11'),(134,'admin','127.0.0.1','内网IP','Chrome 10','Windows 10','0','登录成功','2023-03-04 10:16:10'),(135,'admin','127.0.0.1','内网IP','Chrome 10','Windows 10','0','退出成功','2023-03-04 10:16:23'),(136,'user1','127.0.0.1','内网IP','Chrome 10','Windows 10','0','登录成功','2023-03-04 10:16:32'),(137,'user1','127.0.0.1','内网IP','Chrome 10','Windows 10','0','退出成功','2023-03-04 10:17:54'),(138,'admin','127.0.0.1','内网IP','Chrome 10','Windows 10','0','登录成功','2023-03-04 10:18:00'),(139,'admin','127.0.0.1','内网IP','Chrome 10','Windows 10','0','退出成功','2023-03-04 10:22:16'),(140,'gjd','127.0.0.1','内网IP','Chrome 10','Windows 10','0','注册成功','2023-03-04 10:22:49'),(141,'gjd','127.0.0.1','内网IP','Chrome 10','Windows 10','0','登录成功','2023-03-04 10:23:09'),(142,'gjd','127.0.0.1','内网IP','Chrome 10','Windows 10','0','退出成功','2023-03-04 10:45:32'),(143,'admin','127.0.0.1','内网IP','Chrome 10','Windows 10','0','登录成功','2023-03-04 10:45:42'),(144,'admin','127.0.0.1','内网IP','Chrome 10','Windows 10','0','退出成功','2023-03-04 10:48:45'),(145,'gjd','127.0.0.1','内网IP','Chrome 10','Windows 10','0','登录成功','2023-03-04 10:48:59'),(146,'gjd','127.0.0.1','内网IP','Chrome 10','Windows 10','0','退出成功','2023-03-04 10:56:07'),(147,'admin','127.0.0.1','内网IP','Chrome 10','Windows 10','0','登录成功','2023-03-04 10:56:13'),(148,'admin','127.0.0.1','内网IP','Chrome 10','Windows 10','0','退出成功','2023-03-04 10:59:54'),(149,'gjd11','127.0.0.1','内网IP','Chrome 10','Windows 10','0','注册成功','2023-03-04 11:00:19'),(150,'gjd11','127.0.0.1','内网IP','Chrome 10','Windows 10','0','登录成功','2023-03-04 11:00:31'),(151,'gjd11','127.0.0.1','内网IP','Chrome 10','Windows 10','0','退出成功','2023-03-04 11:05:48'),(152,'gjd22','127.0.0.1','内网IP','Chrome 10','Windows 10','0','注册成功','2023-03-04 11:06:43'),(153,'gjd22','127.0.0.1','内网IP','Chrome 10','Windows 10','0','登录成功','2023-03-04 11:06:56'),(154,'gjd22','127.0.0.1','内网IP','Chrome 10','Windows 10','0','退出成功','2023-03-04 11:08:41'),(155,'admin','127.0.0.1','内网IP','Chrome 10','Windows 10','0','登录成功','2023-03-04 11:08:49'),(156,'admin','127.0.0.1','内网IP','Chrome 10','Windows 10','0','退出成功','2023-03-04 11:09:30'),(157,'gjd','127.0.0.1','内网IP','Chrome 10','Windows 10','1','验证码错误','2023-03-04 11:09:49'),(158,'gjd','127.0.0.1','内网IP','Chrome 10','Windows 10','0','登录成功','2023-03-04 11:09:53'),(159,'gjd','127.0.0.1','内网IP','Chrome 10','Windows 10','0','退出成功','2023-03-04 11:10:25'),(160,'admin','127.0.0.1','内网IP','Chrome 10','Windows 10','0','登录成功','2023-03-04 11:10:31'),(161,'admin','127.0.0.1','内网IP','Chrome 10','Windows 10','0','退出成功','2023-03-04 11:11:04'),(162,'gjd','127.0.0.1','内网IP','Chrome 10','Windows 10','0','登录成功','2023-03-04 11:11:25'),(163,'gjd','127.0.0.1','内网IP','Chrome 10','Windows 10','0','退出成功','2023-03-04 11:13:26'),(164,'admin','127.0.0.1','内网IP','Chrome 10','Windows 10','0','登录成功','2023-03-04 11:13:32'),(165,'admin','127.0.0.1','内网IP','Chrome 10','Windows 10','0','退出成功','2023-03-04 11:15:36'),(166,'user1','127.0.0.1','内网IP','Chrome 10','Windows 10','0','登录成功','2023-03-04 11:15:45'),(167,'user1','127.0.0.1','内网IP','Chrome 10','Windows 10','0','退出成功','2023-03-04 11:16:47'),(168,'admin','127.0.0.1','内网IP','Chrome 10','Windows 10','0','登录成功','2023-03-04 11:16:57'),(169,'admin','127.0.0.1','内网IP','Chrome 10','Windows 10','0','退出成功','2023-03-04 11:18:50'),(170,'admin','127.0.0.1','内网IP','Chrome 10','Windows 10','0','登录成功','2023-03-04 11:20:04'),(171,'admin','127.0.0.1','内网IP','Chrome 10','Windows 10','0','退出成功','2023-03-04 11:20:31'),(172,'user1','127.0.0.1','内网IP','Chrome 10','Windows 10','0','登录成功','2023-03-04 11:20:39'),(173,'user1','127.0.0.1','内网IP','Chrome 10','Windows 10','0','退出成功','2023-03-04 11:43:02'),(174,'gjd','127.0.0.1','内网IP','Chrome 10','Windows 10','0','登录成功','2023-03-04 11:43:17'),(175,'gjd','127.0.0.1','内网IP','Chrome 10','Windows 10','0','登录成功','2023-03-04 13:43:40'),(176,'gjd','127.0.0.1','内网IP','Chrome 10','Windows 10','0','退出成功','2023-03-04 13:44:24'),(177,'admin','127.0.0.1','内网IP','Chrome 10','Windows 10','0','登录成功','2023-03-04 13:45:04'),(178,'admin','127.0.0.1','内网IP','Chrome 10','Windows 10','0','退出成功','2023-03-04 13:48:11'),(179,'gjd','127.0.0.1','内网IP','Chrome 10','Windows 10','0','登录成功','2023-03-04 13:51:08'),(180,'gjd','127.0.0.1','内网IP','Chrome 10','Windows 10','0','退出成功','2023-03-04 13:54:15'),(181,'admin','127.0.0.1','内网IP','Chrome 10','Windows 10','0','登录成功','2023-03-04 13:54:20'),(182,'admin','127.0.0.1','内网IP','Chrome 10','Windows 10','0','退出成功','2023-03-04 13:57:36'),(183,'gjd','127.0.0.1','内网IP','Chrome 10','Windows 10','1','密码输入错误1次','2023-03-04 13:57:57'),(184,'gjd','127.0.0.1','内网IP','Chrome 10','Windows 10','1','用户不存在/密码错误','2023-03-04 13:57:57'),(185,'gjd','127.0.0.1','内网IP','Chrome 10','Windows 10','0','登录成功','2023-03-04 13:58:06'),(186,'gjd','127.0.0.1','内网IP','Chrome 10','Windows 10','0','退出成功','2023-03-04 14:00:10'),(187,'gjd123','127.0.0.1','内网IP','Chrome 10','Windows 10','0','注册成功','2023-03-04 14:00:26'),(188,'gjd123','127.0.0.1','内网IP','Chrome 10','Windows 10','0','登录成功','2023-03-04 14:00:38'),(189,'gjd123','127.0.0.1','内网IP','Chrome 10','Windows 10','0','退出成功','2023-03-04 14:16:27'),(190,'admin','127.0.0.1','内网IP','Chrome 10','Windows 10','0','登录成功','2023-03-04 14:16:33'),(191,'admin','127.0.0.1','内网IP','Chrome 10','Windows 10','0','退出成功','2023-03-04 14:18:38'),(192,'admin','127.0.0.1','内网IP','Chrome 10','Windows 10','1','验证码已失效','2023-03-04 16:05:39'),(193,'admin','127.0.0.1','内网IP','Chrome 10','Windows 10','0','登录成功','2023-03-04 16:05:45'),(194,'admin','127.0.0.1','内网IP','Chrome 10','Windows 10','0','退出成功','2023-03-04 16:33:49'),(195,'admin','127.0.0.1','内网IP','Chrome 10','Windows 10','0','登录成功','2023-03-04 16:34:16'),(196,'admin','127.0.0.1','内网IP','Chrome 10','Windows 10','0','退出成功','2023-03-04 16:34:20'),(197,'admin','127.0.0.1','内网IP','Chrome 10','Windows 10','0','登录成功','2023-03-04 16:49:08'),(198,'admin','127.0.0.1','内网IP','Chrome 10','Windows 10','0','退出成功','2023-03-04 16:52:26'),(199,'user1','127.0.0.1','内网IP','Chrome 10','Windows 10','0','登录成功','2023-03-04 16:52:37'),(200,'user1','127.0.0.1','内网IP','Chrome 10','Windows 10','0','退出成功','2023-03-04 16:54:26'),(201,'admin','127.0.0.1','内网IP','Chrome 10','Windows 10','0','登录成功','2023-03-04 16:54:32'),(202,'admin','127.0.0.1','内网IP','Chrome 10','Windows 10','0','退出成功','2023-03-04 16:54:47'),(203,'user1','127.0.0.1','内网IP','Chrome 10','Windows 10','0','登录成功','2023-03-04 16:54:58'),(204,'user1','127.0.0.1','内网IP','Chrome 10','Windows 10','0','退出成功','2023-03-04 16:56:20'),(205,'user1','127.0.0.1','内网IP','Chrome 10','Windows 10','0','登录成功','2023-03-04 16:56:33'),(206,'user1','127.0.0.1','内网IP','Chrome 10','Windows 10','0','退出成功','2023-03-04 16:59:02'),(207,'admin','127.0.0.1','内网IP','Chrome 10','Windows 10','0','登录成功','2023-03-04 16:59:10'),(208,'admin','127.0.0.1','内网IP','Chrome 10','Windows 10','0','退出成功','2023-03-04 16:59:15'),(209,'user1','127.0.0.1','内网IP','Chrome 10','Windows 10','0','登录成功','2023-03-04 16:59:23'),(210,'user1','127.0.0.1','内网IP','Chrome 10','Windows 10','0','退出成功','2023-03-04 17:01:13'),(211,'admin','127.0.0.1','内网IP','Chrome 10','Windows 10','0','登录成功','2023-03-04 17:01:28'),(212,'admin','127.0.0.1','内网IP','Chrome 10','Windows 10','0','退出成功','2023-03-04 17:03:18'),(213,'user1','127.0.0.1','内网IP','Chrome 10','Windows 10','0','登录成功','2023-03-04 17:03:30'),(214,'user1','127.0.0.1','内网IP','Chrome 10','Windows 10','0','退出成功','2023-03-04 17:03:54'),(215,'admin','127.0.0.1','内网IP','Chrome 10','Windows 10','0','登录成功','2023-03-04 17:04:02'),(216,'admin','127.0.0.1','内网IP','Chrome 10','Windows 10','0','退出成功','2023-03-04 17:04:13'),(217,'user1','127.0.0.1','内网IP','Chrome 10','Windows 10','0','登录成功','2023-03-04 17:04:23'),(218,'user1','127.0.0.1','内网IP','Chrome 10','Windows 10','0','退出成功','2023-03-04 17:06:54'),(219,'user1','127.0.0.1','内网IP','Chrome 10','Windows 10','0','登录成功','2023-03-04 17:09:04'),(220,'user1','127.0.0.1','内网IP','Chrome 10','Windows 10','0','退出成功','2023-03-04 17:14:30'),(221,'user1','127.0.0.1','内网IP','Chrome 10','Windows 10','0','登录成功','2023-03-04 17:15:38'),(222,'user1','127.0.0.1','内网IP','Chrome 10','Windows 10','0','退出成功','2023-03-04 17:16:40'),(223,'user1','127.0.0.1','内网IP','Chrome 10','Windows 10','1','验证码错误','2023-03-04 17:17:02'),(224,'user1','127.0.0.1','内网IP','Chrome 10','Windows 10','0','登录成功','2023-03-04 17:17:07'),(225,'user1','127.0.0.1','内网IP','Chrome 10','Windows 10','0','退出成功','2023-03-04 17:19:21'),(226,'user1','127.0.0.1','内网IP','Chrome 10','Windows 10','0','登录成功','2023-03-04 17:19:54'),(227,'user1','127.0.0.1','内网IP','Chrome 10','Windows 10','0','退出成功','2023-03-04 17:19:57'),(228,'admin','127.0.0.1','内网IP','Chrome 10','Windows 10','0','登录成功','2023-03-04 17:26:06'),(229,'admin','127.0.0.1','内网IP','Chrome 10','Windows 10','0','退出成功','2023-03-04 17:27:00'),(230,'gjd','127.0.0.1','内网IP','Chrome 10','Windows 10','0','登录成功','2023-03-04 17:29:27'),(231,'gjd','127.0.0.1','内网IP','Chrome 10','Windows 10','0','退出成功','2023-03-04 17:29:49'),(232,'gjd','127.0.0.1','内网IP','Chrome 10','Windows 10','0','登录成功','2023-03-04 17:30:12'),(233,'gjd','127.0.0.1','内网IP','Chrome 10','Windows 10','0','退出成功','2023-03-04 17:31:43'),(234,'admin','127.0.0.1','内网IP','Chrome 10','Windows 10','0','登录成功','2023-03-04 17:31:48'),(235,'admin','127.0.0.1','内网IP','Chrome 10','Windows 10','0','退出成功','2023-03-04 17:36:36'),(236,'admin','127.0.0.1','内网IP','Chrome 10','Windows 10','0','登录成功','2023-03-04 17:36:44'),(237,'admin','127.0.0.1','内网IP','Chrome 10','Windows 10','0','退出成功','2023-03-04 17:37:13'),(238,'gjd','127.0.0.1','内网IP','Chrome 10','Windows 10','0','登录成功','2023-03-04 17:56:29'),(239,'gjd','127.0.0.1','内网IP','Chrome 10','Windows 10','0','登录成功','2023-03-25 14:06:16'),(240,'gjd','127.0.0.1','内网IP','Chrome 10','Windows 10','0','退出成功','2023-03-25 14:32:25'),(241,'admin','127.0.0.1','内网IP','Chrome 10','Windows 10','0','登录成功','2023-03-25 14:32:33'),(242,'admin','127.0.0.1','内网IP','Chrome 10','Windows 10','0','退出成功','2023-03-25 15:29:09'),(243,'gjd','127.0.0.1','内网IP','Chrome 10','Windows 10','0','登录成功','2023-03-25 15:29:24'),(244,'admin','127.0.0.1','内网IP','Chrome 10','Windows 10','0','登录成功','2023-03-29 17:43:14'),(245,'admin','127.0.0.1','内网IP','Chrome 10','Windows 10','0','登录成功','2023-03-29 20:11:33'),(246,'gjd','127.0.0.1','内网IP','Chrome 10','Windows 10','0','登录成功','2023-03-30 19:10:53'),(247,'gjd','127.0.0.1','内网IP','Chrome 10','Windows 10','0','退出成功','2023-03-30 19:27:28'),(248,'admin','127.0.0.1','内网IP','Chrome 10','Windows 10','0','登录成功','2023-03-30 19:27:35'),(249,'admin','127.0.0.1','内网IP','Chrome 10','Windows 10','0','退出成功','2023-03-30 20:48:49'),(250,'gjd','127.0.0.1','内网IP','Chrome 10','Windows 10','0','登录成功','2023-03-30 20:49:03'),(251,'gjd','127.0.0.1','内网IP','Chrome 10','Windows 10','0','登录成功','2023-04-03 08:54:34'),(252,'gjd','127.0.0.1','内网IP','Chrome 10','Windows 10','0','登录成功','2023-04-07 08:35:41'),(253,'gjd','127.0.0.1','内网IP','Chrome 10','Windows 10','0','退出成功','2023-04-07 09:20:33'),(254,'gjd','127.0.0.1','内网IP','Chrome 10','Windows 10','1','验证码错误','2023-04-07 09:21:56'),(255,'gjd','127.0.0.1','内网IP','Chrome 10','Windows 10','0','登录成功','2023-04-07 09:22:00'),(256,'gjd','127.0.0.1','内网IP','Chrome 10','Windows 10','0','登录成功','2023-04-07 10:05:49'),(257,'gjd','127.0.0.1','内网IP','Chrome 10','Windows 10','0','退出成功','2023-04-07 11:05:02'),(258,'admin','127.0.0.1','内网IP','Chrome 10','Windows 10','0','登录成功','2023-04-07 11:05:12'),(259,'admin','127.0.0.1','内网IP','Chrome 10','Windows 10','0','退出成功','2023-04-07 11:35:16'),(260,'admin','127.0.0.1','内网IP','Chrome 10','Windows 10','0','登录成功','2023-04-07 11:35:58'),(261,'admin','127.0.0.1','内网IP','Chrome 10','Windows 10','0','退出成功','2023-04-07 11:37:04'),(262,'admin','127.0.0.1','内网IP','Chrome 10','Windows 10','0','登录成功','2023-04-07 13:39:48'),(263,'admin','127.0.0.1','内网IP','Chrome 10','Windows 10','0','退出成功','2023-04-07 13:52:57'),(264,'admin','127.0.0.1','内网IP','Chrome 10','Windows 10','0','登录成功','2023-04-07 14:31:55'),(265,'admin','127.0.0.1','内网IP','Chrome 10','Windows 10','0','退出成功','2023-04-07 14:42:44'),(266,'admin','127.0.0.1','内网IP','Chrome 10','Windows 10','0','登录成功','2023-04-07 14:51:37'),(267,'admin','127.0.0.1','内网IP','Chrome 10','Windows 10','0','退出成功','2023-04-07 14:54:26'),(268,'admin','127.0.0.1','内网IP','Chrome 10','Windows 10','0','登录成功','2023-04-07 14:55:32'),(269,'admin','127.0.0.1','内网IP','Chrome 10','Windows 10','0','退出成功','2023-04-07 14:58:59'),(270,'admin','127.0.0.1','内网IP','Chrome 10','Windows 10','0','登录成功','2023-04-07 15:07:17'),(271,'admin','127.0.0.1','内网IP','Chrome 10','Windows 10','0','退出成功','2023-04-07 15:09:00'),(272,'admin','127.0.0.1','内网IP','Chrome 10','Windows 10','0','登录成功','2023-04-07 15:13:18'),(273,'admin','127.0.0.1','内网IP','Chrome 10','Windows 10','0','退出成功','2023-04-07 15:14:07'),(274,'gjd','127.0.0.1','内网IP','Chrome 10','Windows 10','0','登录成功','2023-04-07 15:15:45'),(275,'gjd','127.0.0.1','内网IP','Chrome 10','Windows 10','0','退出成功','2023-04-07 15:18:51'),(276,'admin','127.0.0.1','内网IP','Chrome 10','Windows 10','0','登录成功','2023-04-07 15:49:54'),(277,'admin','127.0.0.1','内网IP','Chrome 10','Windows 10','0','退出成功','2023-04-07 15:54:34'),(278,'admin','127.0.0.1','内网IP','Chrome 10','Windows 10','1','验证码错误','2023-04-07 15:54:54'),(279,'admin','127.0.0.1','内网IP','Chrome 10','Windows 10','0','登录成功','2023-04-07 15:55:00'),(280,'admin','127.0.0.1','内网IP','Chrome 10','Windows 10','0','退出成功','2023-04-07 15:58:46'),(281,'admin','127.0.0.1','内网IP','Chrome 10','Windows 10','0','登录成功','2023-04-07 16:05:32'),(282,'admin','127.0.0.1','内网IP','Chrome 10','Windows 10','0','退出成功','2023-04-07 16:15:20'),(283,'guest1','127.0.0.1','内网IP','Chrome 10','Windows 10','0','注册成功','2023-04-07 16:16:06'),(284,'guest1','127.0.0.1','内网IP','Chrome 10','Windows 10','0','登录成功','2023-04-07 16:16:16'),(285,'gjd','127.0.0.1','内网IP','Chrome 10','Windows 10','0','登录成功','2023-04-07 18:43:37'),(286,'gjd','127.0.0.1','内网IP','Chrome 10','Windows 10','0','退出成功','2023-04-07 18:45:17'),(287,'admin','127.0.0.1','内网IP','Chrome 10','Windows 10','0','登录成功','2023-04-07 18:46:09'),(288,'admin','127.0.0.1','内网IP','Chrome 10','Windows 10','0','退出成功','2023-04-07 18:57:36'),(289,'admin','127.0.0.1','内网IP','Chrome 10','Windows 10','0','登录成功','2023-04-07 18:57:42'),(290,'admin','127.0.0.1','内网IP','Chrome 10','Windows 10','0','退出成功','2023-04-07 18:59:07'),(291,'admin','127.0.0.1','内网IP','Chrome 10','Windows 10','0','登录成功','2023-04-07 19:30:50'),(292,'admin','127.0.0.1','内网IP','Chrome 10','Windows 10','0','退出成功','2023-04-07 19:30:54'),(293,'admin','127.0.0.1','内网IP','Chrome 10','Windows 10','0','登录成功','2023-04-07 19:41:36'),(294,'admin','127.0.0.1','内网IP','Chrome 10','Windows 10','0','退出成功','2023-04-07 19:42:17'),(295,'admin','127.0.0.1','内网IP','Chrome 10','Windows 10','1','验证码错误','2023-04-07 19:42:22'),(296,'admin','127.0.0.1','内网IP','Chrome 10','Windows 10','1','验证码错误','2023-04-07 19:42:24'),(297,'admin','127.0.0.1','内网IP','Chrome 10','Windows 10','0','登录成功','2023-04-07 19:42:28'),(298,'admin','127.0.0.1','内网IP','Chrome 10','Windows 10','0','退出成功','2023-04-07 19:44:33'),(299,'admin','127.0.0.1','内网IP','Chrome 10','Windows 10','0','登录成功','2023-04-07 19:44:39'),(300,'admin','127.0.0.1','内网IP','Chrome 10','Windows 10','0','退出成功','2023-04-07 19:45:50'),(301,'admin','127.0.0.1','内网IP','Chrome 10','Windows 10','0','登录成功','2023-04-07 19:46:00'),(302,'admin','127.0.0.1','内网IP','Chrome 10','Windows 10','0','退出成功','2023-04-07 19:46:04'),(303,'gjd','127.0.0.1','内网IP','Chrome 10','Windows 10','0','登录成功','2023-04-07 19:46:15'),(304,'gjd','127.0.0.1','内网IP','Chrome 10','Windows 10','0','退出成功','2023-04-07 19:46:33'),(305,'gjd','127.0.0.1','内网IP','Chrome 10','Windows 10','0','登录成功','2023-04-07 19:46:44'),(306,'gjd','127.0.0.1','内网IP','Chrome 10','Windows 10','0','退出成功','2023-04-07 19:47:32'),(307,'admin','127.0.0.1','内网IP','Chrome 10','Windows 10','0','登录成功','2023-04-07 19:47:39'),(308,'admin','127.0.0.1','内网IP','Chrome 10','Windows 10','0','退出成功','2023-04-07 19:47:43'),(309,'gjd','127.0.0.1','内网IP','Chrome 10','Windows 10','0','登录成功','2023-04-07 19:47:54'),(310,'gjd','127.0.0.1','内网IP','Chrome 10','Windows 10','0','退出成功','2023-04-07 19:49:28'),(311,'gjd','127.0.0.1','内网IP','Chrome 10','Windows 10','0','登录成功','2023-04-07 19:49:43'),(312,'gjd','127.0.0.1','内网IP','Chrome 10','Windows 10','0','登录成功','2023-04-07 19:49:49'),(313,'gjd','127.0.0.1','内网IP','Chrome 10','Windows 10','1','验证码错误','2023-04-07 19:49:53'),(314,'admin','127.0.0.1','内网IP','Chrome 10','Windows 10','0','登录成功','2023-04-07 19:50:10'),(315,'admin','127.0.0.1','内网IP','Chrome 10','Windows 10','0','退出成功','2023-04-07 19:50:14'),(316,'gjd','127.0.0.1','内网IP','Chrome 10','Windows 10','0','登录成功','2023-04-07 19:50:24'),(317,'gjd','127.0.0.1','内网IP','Chrome 10','Windows 10','0','退出成功','2023-04-07 19:51:25'),(318,'gjd','127.0.0.1','内网IP','Chrome 10','Windows 10','0','登录成功','2023-04-07 19:51:36'),(319,'gjd','127.0.0.1','内网IP','Chrome 10','Windows 10','0','退出成功','2023-04-07 19:51:46'),(320,'gjd','127.0.0.1','内网IP','Chrome 10','Windows 10','0','登录成功','2023-04-07 19:51:56'),(321,'gjd','127.0.0.1','内网IP','Chrome 10','Windows 10','0','退出成功','2023-04-07 19:52:33'),(322,'gjd','127.0.0.1','内网IP','Chrome 10','Windows 10','0','登录成功','2023-04-07 19:52:45'),(323,'gjd','127.0.0.1','内网IP','Chrome 10','Windows 10','0','退出成功','2023-04-07 19:52:56'),(324,'admin','127.0.0.1','内网IP','Chrome 10','Windows 10','0','登录成功','2023-04-07 19:53:01'),(325,'admin','127.0.0.1','内网IP','Chrome 10','Windows 10','0','退出成功','2023-04-07 19:53:06'),(326,'admin','127.0.0.1','内网IP','Chrome 10','Windows 10','0','登录成功','2023-04-07 19:53:18'),(327,'admin','127.0.0.1','内网IP','Chrome 10','Windows 10','0','退出成功','2023-04-07 19:53:23'),(328,'gjd','127.0.0.1','内网IP','Chrome 10','Windows 10','0','登录成功','2023-04-07 19:53:33'),(329,'admin','127.0.0.1','内网IP','Chrome 11','Windows 10','0','登录成功','2023-05-09 15:17:26'),(330,'admin','127.0.0.1','内网IP','Chrome 11','Windows 10','0','退出成功','2023-05-09 15:17:56'),(331,'test01','127.0.0.1','内网IP','Chrome 11','Windows 10','0','注册成功','2023-05-09 15:19:35'),(332,'test01','127.0.0.1','内网IP','Chrome 11','Windows 10','0','登录成功','2023-05-09 15:19:48'),(333,'test01','127.0.0.1','内网IP','Chrome 11','Windows 10','0','退出成功','2023-05-09 15:23:03'),(334,'admin','127.0.0.1','内网IP','Chrome 11','Windows 10','0','登录成功','2023-05-09 15:47:07'),(335,'admin','127.0.0.1','内网IP','Chrome 11','Windows 10','0','退出成功','2023-05-09 15:50:30'),(336,'admin','127.0.0.1','内网IP','Chrome 11','Windows 10','0','登录成功','2023-05-09 16:00:32'),(337,'admin','127.0.0.1','内网IP','Chrome 11','Windows 10','0','退出成功','2023-05-09 16:01:09'),(338,'test02','127.0.0.1','内网IP','Chrome 11','Windows 10','0','注册成功','2023-05-09 16:01:31'),(339,'test02','127.0.0.1','内网IP','Chrome 11','Windows 10','0','登录成功','2023-05-09 16:01:45'),(340,'admin','127.0.0.1','内网IP','Chrome 11','Windows 10','0','登录成功','2023-05-12 15:46:17'),(341,'admin','127.0.0.1','内网IP','Chrome 11','Windows 10','0','退出成功','2023-05-12 15:56:28'),(342,'gjd','127.0.0.1','内网IP','Chrome 11','Windows 10','0','登录成功','2023-05-12 16:47:06'),(343,'gjd','127.0.0.1','内网IP','Chrome 11','Windows 10','0','退出成功','2023-05-12 16:49:47'),(344,'user1','127.0.0.1','内网IP','Chrome 11','Windows 10','1','密码输入错误1次','2023-05-12 16:50:03'),(345,'user1','127.0.0.1','内网IP','Chrome 11','Windows 10','1','用户不存在/密码错误','2023-05-12 16:50:04'),(346,'user1','127.0.0.1','内网IP','Chrome 11','Windows 10','1','验证码错误','2023-05-12 16:50:08'),(347,'user1','127.0.0.1','内网IP','Chrome 11','Windows 10','0','登录成功','2023-05-12 16:50:11'),(348,'user1','127.0.0.1','内网IP','Chrome 11','Windows 10','0','退出成功','2023-05-12 16:54:16'),(349,'test02','127.0.0.1','内网IP','Chrome 11','Windows 10','1','密码输入错误1次','2023-05-12 16:54:28'),(350,'test02','127.0.0.1','内网IP','Chrome 11','Windows 10','1','用户不存在/密码错误','2023-05-12 16:54:28'),(351,'test02','127.0.0.1','内网IP','Chrome 11','Windows 10','1','验证码错误','2023-05-12 16:54:33'),(352,'test02','127.0.0.1','内网IP','Chrome 11','Windows 10','0','登录成功','2023-05-12 16:54:38'),(353,'test02','127.0.0.1','内网IP','Chrome 11','Windows 10','0','退出成功','2023-05-12 16:56:00'),(354,'user2','127.0.0.1','内网IP','Chrome 11','Windows 10','1','登录用户：user2 不存在','2023-05-12 16:56:10'),(355,'user2','127.0.0.1','内网IP','Chrome 11','Windows 10','1','登录用户：user2 不存在','2023-05-12 16:56:20'),(356,'user2','127.0.0.1','内网IP','Chrome 11','Windows 10','1','登录用户：user2 不存在','2023-05-12 16:56:31'),(357,'user2','127.0.0.1','内网IP','Chrome 11','Windows 10','1','登录用户：user2 不存在','2023-05-12 16:56:39'),(358,'user1','127.0.0.1','内网IP','Chrome 11','Windows 10','0','登录成功','2023-05-12 16:56:53'),(359,'admin','127.0.0.1','内网IP','Chrome 11','Windows 10','0','登录成功','2023-05-14 08:53:31'),(360,'user1','127.0.0.1','内网IP','Chrome 11','Windows 10','0','登录成功','2023-05-14 10:14:13'),(361,'user1','127.0.0.1','内网IP','Chrome 11','Windows 10','0','退出成功','2023-05-14 10:17:33'),(362,'usre1','127.0.0.1','内网IP','Chrome 11','Windows 10','1','登录用户：usre1 不存在','2023-05-14 10:32:03'),(363,'usre1','127.0.0.1','内网IP','Chrome 11','Windows 10','1','登录用户：usre1 不存在','2023-05-14 10:32:11'),(364,'user1','127.0.0.1','内网IP','Chrome 11','Windows 10','0','登录成功','2023-05-14 10:32:22'),(365,'user1','127.0.0.1','内网IP','Chrome 11','Windows 10','0','退出成功','2023-05-14 10:32:57'),(366,'admin','127.0.0.1','内网IP','Chrome 11','Windows 10','0','登录成功','2023-05-14 10:33:03'),(367,'admin','127.0.0.1','内网IP','Chrome 11','Windows 10','0','退出成功','2023-05-14 10:35:26'),(368,'admin','127.0.0.1','内网IP','Chrome 11','Windows 10','0','登录成功','2023-05-18 21:50:45'),(369,'user1','127.0.0.1','内网IP','Chrome 11','Windows 10','0','登录成功','2023-05-20 07:33:17'),(370,'user1','127.0.0.1','内网IP','Chrome 11','Windows 10','0','退出成功','2023-05-20 07:33:47'),(371,'test2','127.0.0.1','内网IP','Chrome 11','Windows 10','1','登录用户：test2 不存在','2023-05-20 07:34:25'),(372,'test02','127.0.0.1','内网IP','Chrome 11','Windows 10','0','登录成功','2023-05-20 07:35:13'),(373,'user1','127.0.0.1','内网IP','Chrome 11','Windows 10','0','登录成功','2023-05-20 10:34:37'),(374,'user1','127.0.0.1','内网IP','Chrome 11','Windows 10','0','退出成功','2023-05-20 10:41:52'),(375,'test02','127.0.0.1','内网IP','Chrome 11','Windows 10','0','登录成功','2023-05-20 10:42:04'),(376,'test02','127.0.0.1','内网IP','Chrome 11','Windows 10','0','退出成功','2023-05-20 10:42:20'),(377,'admin','127.0.0.1','内网IP','Chrome 11','Windows 10','0','登录成功','2023-05-20 10:42:27'),(378,'test02','127.0.0.1','内网IP','Chrome 11','Windows 10','0','登录成功','2023-05-20 13:12:24'),(379,'test02','127.0.0.1','内网IP','Chrome 11','Windows 10','0','退出成功','2023-05-20 13:21:05'),(380,'user1','127.0.0.1','内网IP','Chrome 11','Windows 10','0','登录成功','2023-05-20 13:21:18'),(381,'user1','127.0.0.1','内网IP','Chrome 11','Windows 10','0','退出成功','2023-05-20 13:21:49'),(382,'gjd','127.0.0.1','内网IP','Chrome 11','Windows 10','0','登录成功','2023-05-20 13:21:59'),(383,'gjd','127.0.0.1','内网IP','Chrome 11','Windows 10','0','退出成功','2023-05-20 13:22:05'),(384,'gjd01','127.0.0.1','内网IP','Chrome 11','Windows 10','1','登录用户：gjd01 不存在','2023-05-20 13:22:23'),(385,'test01','127.0.0.1','内网IP','Chrome 11','Windows 10','1','密码输入错误1次','2023-05-20 13:22:33'),(386,'test01','127.0.0.1','内网IP','Chrome 11','Windows 10','1','用户不存在/密码错误','2023-05-20 13:22:33'),(387,'test02','127.0.0.1','内网IP','Chrome 11','Windows 10','0','登录成功','2023-05-20 13:23:18'),(388,'test02','127.0.0.1','内网IP','Chrome 11','Windows 10','0','登录成功','2023-05-20 13:29:50'),(389,'admin','127.0.0.1','内网IP','Chrome 11','Windows 10','0','登录成功','2023-09-05 20:29:39'),(390,'admin','127.0.0.1','内网IP','Chrome 11','Windows 10','0','退出成功','2023-09-05 20:32:02'),(391,'qqq','127.0.0.1','内网IP','Chrome 11','Windows 10','0','注册成功','2023-09-05 20:33:01'),(392,'qqq','127.0.0.1','内网IP','Chrome 11','Windows 10','0','登录成功','2023-09-05 20:33:09'),(393,'cs2','127.0.0.1','内网IP','Chrome 12','Windows 10','0','退出成功','2024-01-04 13:20:27'),(394,'test01','127.0.0.1','内网IP','Chrome 12','Windows 10','0','登录成功','2024-01-04 13:21:05'),(395,'test01','127.0.0.1','内网IP','Chrome 12','Windows 10','0','登录成功','2024-01-04 13:22:23'),(396,'test01','127.0.0.1','内网IP','Chrome 12','Windows 10','0','退出成功','2024-01-04 13:24:48'),(397,'test01','127.0.0.1','内网IP','Chrome 12','Windows 10','1','验证码错误','2024-01-04 13:25:11'),(398,'test01','127.0.0.1','内网IP','Chrome 12','Windows 10','0','登录成功','2024-01-04 13:25:14'),(399,'test01','127.0.0.1','内网IP','Chrome 12','Windows 10','0','退出成功','2024-01-04 13:26:38'),(400,'test02','127.0.0.1','内网IP','Chrome 12','Windows 10','1','验证码错误','2024-01-04 13:26:51'),(401,'test02','127.0.0.1','内网IP','Chrome 12','Windows 10','0','登录成功','2024-01-04 13:26:55'),(402,'test02','127.0.0.1','内网IP','Chrome 12','Windows 10','0','退出成功','2024-01-04 13:28:01'),(403,'cs1','127.0.0.1','内网IP','Chrome 12','Windows 10','0','注册成功','2024-01-04 13:28:18'),(404,'cs1','127.0.0.1','内网IP','Chrome 12','Windows 10','0','登录成功','2024-01-04 13:28:24'),(405,'cs1','127.0.0.1','内网IP','Chrome 12','Windows 10','0','退出成功','2024-01-04 13:29:57'),(406,'java1234','127.0.0.1','内网IP','Chrome 12','Windows 10','1','用户不存在/密码错误','2024-08-23 22:57:16'),(407,'java1234','127.0.0.1','内网IP','Chrome 12','Windows 10','1','密码输入错误1次','2024-08-23 22:57:16'),(408,'java1234','127.0.0.1','内网IP','Chrome 12','Windows 10','1','验证码错误','2024-08-23 22:57:24'),(409,'java1234','127.0.0.1','内网IP','Chrome 12','Windows 10','1','密码输入错误2次','2024-08-23 22:57:27'),(410,'java1234','127.0.0.1','内网IP','Chrome 12','Windows 10','1','用户不存在/密码错误','2024-08-23 22:57:27'),(411,'java1234','127.0.0.1','内网IP','Chrome 12','Windows 10','1','验证码错误','2024-08-23 22:57:44'),(412,'java1234','127.0.0.1','内网IP','Chrome 12','Windows 10','0','登录成功','2024-08-23 22:57:47'),(413,'java1234','127.0.0.1','内网IP','Chrome 12','Windows 10','0','退出成功','2024-08-23 22:58:10'),(414,'jack','127.0.0.1','内网IP','Chrome 12','Windows 10','0','注册成功','2024-08-23 22:58:30'),(415,'jack','127.0.0.1','内网IP','Chrome 12','Windows 10','0','登录成功','2024-08-23 22:59:06'),(416,'jack','127.0.0.1','内网IP','Chrome 12','Windows 10','1','验证码错误','2024-08-24 08:53:42'),(417,'jack','127.0.0.1','内网IP','Chrome 12','Windows 10','0','登录成功','2024-08-24 08:53:45'),(418,'marry','127.0.0.1','内网IP','Chrome 12','Windows 10','0','退出成功','2024-08-24 10:46:05'),(419,'jack','127.0.0.1','内网IP','Chrome 12','Windows 10','0','登录成功','2024-08-24 10:46:15'),(420,'jack','127.0.0.1','内网IP','Chrome 12','Windows 10','0','退出成功','2024-08-24 10:56:53'),(421,'admin','127.0.0.1','内网IP','Chrome 12','Windows 10','1','登录用户：admin 不存在','2024-08-24 10:57:05'),(422,'java1234','127.0.0.1','内网IP','Chrome 12','Windows 10','1','验证码错误','2024-08-24 10:57:10'),(423,'java1234','127.0.0.1','内网IP','Chrome 12','Windows 10','1','密码输入错误1次','2024-08-24 10:57:17'),(424,'java1234','127.0.0.1','内网IP','Chrome 12','Windows 10','1','用户不存在/密码错误','2024-08-24 10:57:17'),(425,'java1234','127.0.0.1','内网IP','Chrome 12','Windows 10','0','登录成功','2024-08-24 10:57:53'),(426,'Java1234','127.0.0.1','内网IP','Chrome 13','Windows 10','0','登录成功','2025-04-21 20:14:48'),(427,'java1234','127.0.0.1','内网IP','Chrome 13','Windows 10','0','退出成功','2025-04-21 20:15:01'),(428,'Java1234','127.0.0.1','内网IP','Chrome 13','Windows 10','0','登录成功','2025-04-21 20:15:12'),(429,'java1234','127.0.0.1','内网IP','Chrome 13','Windows 10','0','登录成功','2025-04-21 20:20:22'),(430,'java1234','127.0.0.1','内网IP','Chrome 13','Windows 10','0','登录成功','2025-04-21 21:39:11');

/*Table structure for table `sys_menu` */

DROP TABLE IF EXISTS `sys_menu`;

CREATE TABLE `sys_menu` (
  `menu_id` bigint NOT NULL AUTO_INCREMENT COMMENT '菜单ID',
  `menu_name` varchar(50) NOT NULL COMMENT '菜单名称',
  `parent_id` bigint DEFAULT '0' COMMENT '父菜单ID',
  `order_num` int DEFAULT '0' COMMENT '显示顺序',
  `path` varchar(200) DEFAULT '' COMMENT '路由地址',
  `component` varchar(255) DEFAULT NULL COMMENT '组件路径',
  `query` varchar(255) DEFAULT NULL COMMENT '路由参数',
  `is_frame` int DEFAULT '1' COMMENT '是否为外链（0是 1否）',
  `is_cache` int DEFAULT '0' COMMENT '是否缓存（0缓存 1不缓存）',
  `menu_type` char(1) DEFAULT '' COMMENT '菜单类型（M目录 C菜单 F按钮）',
  `visible` char(1) DEFAULT '0' COMMENT '菜单状态（0显示 1隐藏）',
  `status` char(1) DEFAULT '0' COMMENT '菜单状态（0正常 1停用）',
  `perms` varchar(100) DEFAULT NULL COMMENT '权限标识',
  `icon` varchar(100) DEFAULT '#' COMMENT '菜单图标',
  `create_by` varchar(64) DEFAULT '' COMMENT '创建者',
  `create_time` datetime DEFAULT NULL COMMENT '创建时间',
  `update_by` varchar(64) DEFAULT '' COMMENT '更新者',
  `update_time` datetime DEFAULT NULL COMMENT '更新时间',
  `remark` varchar(500) DEFAULT '' COMMENT '备注',
  PRIMARY KEY (`menu_id`) USING BTREE
) ENGINE=InnoDB AUTO_INCREMENT=2038 DEFAULT CHARSET=utf8mb3 ROW_FORMAT=DYNAMIC COMMENT='菜单权限表';

/*Data for the table `sys_menu` */

insert  into `sys_menu`(`menu_id`,`menu_name`,`parent_id`,`order_num`,`path`,`component`,`query`,`is_frame`,`is_cache`,`menu_type`,`visible`,`status`,`perms`,`icon`,`create_by`,`create_time`,`update_by`,`update_time`,`remark`) values (1,'系统管理',0,1,'system',NULL,'',1,0,'M','0','0','','#','admin','2023-02-03 14:06:47','',NULL,'系统管理目录'),(2,'商城管理',0,1,'shop',NULL,'',1,0,'M','0','0','','#','admin','2023-02-03 14:06:47','',NULL,'系统管理目录'),(100,'用户管理',1,1,'user','system/user/index','',1,0,'C','0','0','system:user:list','#','admin','2023-02-03 14:06:47','',NULL,'用户管理菜单'),(101,'角色管理',1,2,'role','system/role/index','',1,0,'C','0','0','system:role:list','#','admin','2023-02-03 14:06:47','',NULL,'角色管理菜单'),(102,'菜单管理',1,3,'menu','system/menu/index','',1,0,'F','0','0','system:menu:list','tree-table','admin','2022-08-31 09:55:09','',NULL,'菜单管理菜单'),(1000,'用户查询',100,1,'','','',1,0,'F','0','0','system:user:query','#','admin','2023-02-03 14:06:47','',NULL,''),(1001,'用户新增',100,2,'','','',1,0,'F','0','0','system:user:add','#','admin','2023-02-03 14:06:47','',NULL,''),(1002,'用户修改',100,3,'','','',1,0,'F','0','0','system:user:edit','#','admin','2023-02-03 14:06:47','',NULL,''),(1003,'用户删除',100,4,'','','',1,0,'F','0','0','system:user:remove','#','admin','2023-02-03 14:06:47','',NULL,''),(1004,'用户导出',100,5,'','','',1,0,'F','0','0','system:user:export','#','admin','2023-02-03 14:06:47','',NULL,''),(1005,'用户导入',100,6,'','','',1,0,'F','0','0','system:user:import','#','admin','2023-02-03 14:06:47','',NULL,''),(1006,'重置密码',100,7,'','','',1,0,'F','0','0','system:user:resetPwd','#','admin','2023-02-03 14:06:47','',NULL,''),(1007,'角色查询',101,1,'','','',1,0,'F','0','0','system:role:query','#','admin','2023-02-03 14:06:47','',NULL,''),(1008,'角色新增',101,2,'','','',1,0,'F','0','0','system:role:add','#','admin','2023-02-03 14:06:48','',NULL,''),(1009,'角色修改',101,3,'','','',1,0,'F','0','0','system:role:edit','#','admin','2023-02-03 14:06:48','',NULL,''),(1010,'角色删除',101,4,'','','',1,0,'F','0','0','system:role:remove','#','admin','2023-02-03 14:06:48','',NULL,''),(1011,'角色导出',101,5,'','','',1,0,'F','0','0','system:role:export','#','admin','2023-02-03 14:06:48','',NULL,''),(2006,'商品信息',2,1,'product','system/product/index',NULL,1,0,'C','0','0','system:product:list','#','admin','2023-02-03 14:35:25','',NULL,'商品信息菜单'),(2007,'商品信息查询',2006,1,'#','',NULL,1,0,'F','0','0','system:product:query','#','admin','2023-02-03 14:35:25','',NULL,''),(2008,'商品信息新增',2006,2,'#','',NULL,1,0,'F','0','0','system:product:add','#','admin','2023-02-03 14:35:25','',NULL,''),(2009,'商品信息修改',2006,3,'#','',NULL,1,0,'F','0','0','system:product:edit','#','admin','2023-02-03 14:35:25','',NULL,''),(2010,'商品信息删除',2006,4,'#','',NULL,1,0,'F','0','0','system:product:remove','#','admin','2023-02-03 14:35:25','',NULL,''),(2011,'商品信息导出',2006,5,'#','',NULL,1,0,'F','0','0','system:product:export','#','admin','2023-02-03 14:35:25','',NULL,''),(2012,'类型管理',2,1,'type','system/type/index',NULL,1,0,'C','0','0','system:type:list','#','admin','2023-02-03 14:35:28','',NULL,'类型管理菜单'),(2013,'类型管理查询',2012,1,'#','',NULL,1,0,'F','0','0','system:type:query','#','admin','2023-02-03 14:35:28','',NULL,''),(2014,'类型管理新增',2012,2,'#','',NULL,1,0,'F','0','0','system:type:add','#','admin','2023-02-03 14:35:28','',NULL,''),(2015,'类型管理修改',2012,3,'#','',NULL,1,0,'F','0','0','system:type:edit','#','admin','2023-02-03 14:35:28','',NULL,''),(2016,'类型管理删除',2012,4,'#','',NULL,1,0,'F','0','0','system:type:remove','#','admin','2023-02-03 14:35:28','',NULL,''),(2017,'类型管理导出',2012,5,'#','',NULL,1,0,'F','0','0','system:type:export','#','admin','2023-02-03 14:35:28','',NULL,''),(2018,'出入库记录',2,1,'stock','system/stock/index',NULL,1,0,'C','0','0','system:stock:list','#','admin','2023-02-03 15:53:36','',NULL,'出入库记录菜单'),(2019,'出入库记录查询',2018,1,'#','',NULL,1,0,'F','0','0','system:stock:query','#','admin','2023-02-03 15:53:36','',NULL,''),(2020,'出入库记录新增',2018,2,'#','',NULL,1,0,'F','0','0','system:stock:add','#','admin','2023-02-03 15:53:36','',NULL,''),(2021,'出入库记录修改',2018,3,'#','',NULL,1,0,'F','0','0','system:stock:edit','#','admin','2023-02-03 15:53:36','',NULL,''),(2022,'出入库记录删除',2018,4,'#','',NULL,1,0,'F','0','0','system:stock:remove','#','admin','2023-02-03 15:53:36','',NULL,''),(2023,'出入库记录导出',2018,5,'#','',NULL,1,0,'F','0','0','system:stock:export','#','admin','2023-02-03 15:53:36','',NULL,''),(2024,'购物车',0,1,'shoppingCart','system/shoppingCart/index',NULL,1,0,'C','0','0','system:shoppingCart:list','#','admin','2023-02-03 16:51:24','admin','2023-02-14 23:47:11','购物车菜单'),(2025,'购物车查询',2024,1,'#','',NULL,1,0,'F','0','0','system:shoppingCart:query','#','admin','2023-02-03 16:51:24','',NULL,''),(2026,'购物车新增',2024,2,'#','',NULL,1,0,'F','0','0','system:shoppingCart:add','#','admin','2023-02-03 16:51:24','',NULL,''),(2027,'购物车修改',2024,3,'#','',NULL,1,0,'F','0','0','system:shoppingCart:edit','#','admin','2023-02-03 16:51:24','',NULL,''),(2028,'购物车删除',2024,4,'#','',NULL,1,0,'F','0','0','system:shoppingCart:remove','#','admin','2023-02-03 16:51:24','',NULL,''),(2029,'购物车结算',2024,5,'#','',NULL,1,0,'F','0','0','system:shoppingCart:settlement','#','admin','2023-02-03 16:51:24','',NULL,''),(2030,'订单信息',0,1,'shoppingOrder','system/shoppingOrder/index','{\"id\": 1}',1,0,'C','0','0','system:shoppingCart:list','#','admin','2023-02-03 16:51:24','admin','2023-02-14 23:51:42','订单菜单'),(2031,'订单查询',2030,1,'#','',NULL,1,0,'F','0','0','system:shoppingCart:query','#','admin','2023-02-03 16:51:24','',NULL,''),(2032,'订单新增',2030,2,'#','',NULL,1,0,'F','0','0','system:shoppingCart:add','#','admin','2023-02-03 16:51:24','',NULL,''),(2033,'订单修改',2030,3,'#','',NULL,1,0,'F','0','0','system:shoppingCart:edit','#','admin','2023-02-03 16:51:24','',NULL,''),(2034,'订单删除',2030,4,'#','',NULL,1,0,'F','0','0','system:shoppingCart:remove','#','admin','2023-02-03 16:51:24','',NULL,''),(2035,'订单结算',2030,5,'#','',NULL,1,0,'F','0','0','system:shoppingCart:settlement','#','admin','2023-02-03 16:51:24','',NULL,''),(2036,'我的推荐',0,0,'tj','system/tj/index',NULL,1,0,'C','0','0',NULL,'#','admin','2023-02-15 00:00:38','',NULL,''),(2037,'首页',0,-1,'index','index',NULL,1,0,'C','0','0','','#','admin','2023-03-04 17:02:01','admin','2023-03-04 17:03:11','');

/*Table structure for table `sys_notice` */

DROP TABLE IF EXISTS `sys_notice`;

CREATE TABLE `sys_notice` (
  `notice_id` int NOT NULL AUTO_INCREMENT COMMENT '公告ID',
  `notice_title` varchar(50) NOT NULL COMMENT '公告标题',
  `notice_type` char(1) NOT NULL COMMENT '公告类型（1通知 2公告）',
  `notice_content` longblob COMMENT '公告内容',
  `status` char(1) DEFAULT '0' COMMENT '公告状态（0正常 1关闭）',
  `create_by` varchar(64) DEFAULT '' COMMENT '创建者',
  `create_time` datetime DEFAULT NULL COMMENT '创建时间',
  `update_by` varchar(64) DEFAULT '' COMMENT '更新者',
  `update_time` datetime DEFAULT NULL COMMENT '更新时间',
  `remark` varchar(255) DEFAULT NULL COMMENT '备注',
  PRIMARY KEY (`notice_id`) USING BTREE
) ENGINE=InnoDB AUTO_INCREMENT=3 DEFAULT CHARSET=utf8mb3 ROW_FORMAT=DYNAMIC COMMENT='通知公告表';

/*Data for the table `sys_notice` */

insert  into `sys_notice`(`notice_id`,`notice_title`,`notice_type`,`notice_content`,`status`,`create_by`,`create_time`,`update_by`,`update_time`,`remark`) values (1,'温馨提醒：2018-07-01 若依新版本发布啦','2','新版本内容','0','admin','2023-02-03 14:06:49','',NULL,'管理员'),(2,'维护通知：2018-07-01 若依系统凌晨维护','1','维护内容','0','admin','2023-02-03 14:06:49','',NULL,'管理员');

/*Table structure for table `sys_oper_log` */

DROP TABLE IF EXISTS `sys_oper_log`;

CREATE TABLE `sys_oper_log` (
  `oper_id` bigint NOT NULL AUTO_INCREMENT COMMENT '日志主键',
  `title` varchar(50) DEFAULT '' COMMENT '模块标题',
  `business_type` int DEFAULT '0' COMMENT '业务类型（0其它 1新增 2修改 3删除）',
  `method` varchar(100) DEFAULT '' COMMENT '方法名称',
  `request_method` varchar(10) DEFAULT '' COMMENT '请求方式',
  `operator_type` int DEFAULT '0' COMMENT '操作类别（0其它 1后台用户 2手机端用户）',
  `oper_name` varchar(50) DEFAULT '' COMMENT '操作人员',
  `dept_name` varchar(50) DEFAULT '' COMMENT '部门名称',
  `oper_url` varchar(255) DEFAULT '' COMMENT '请求URL',
  `oper_ip` varchar(128) DEFAULT '' COMMENT '主机地址',
  `oper_location` varchar(255) DEFAULT '' COMMENT '操作地点',
  `oper_param` varchar(2000) DEFAULT '' COMMENT '请求参数',
  `json_result` varchar(2000) DEFAULT '' COMMENT '返回参数',
  `status` int DEFAULT '0' COMMENT '操作状态（0正常 1异常）',
  `error_msg` varchar(2000) DEFAULT '' COMMENT '错误消息',
  `oper_time` datetime DEFAULT NULL COMMENT '操作时间',
  PRIMARY KEY (`oper_id`) USING BTREE
) ENGINE=InnoDB AUTO_INCREMENT=376 DEFAULT CHARSET=utf8mb3 ROW_FORMAT=DYNAMIC COMMENT='操作日志记录';

/*Data for the table `sys_oper_log` */

insert  into `sys_oper_log`(`oper_id`,`title`,`business_type`,`method`,`request_method`,`operator_type`,`oper_name`,`dept_name`,`oper_url`,`oper_ip`,`oper_location`,`oper_param`,`json_result`,`status`,`error_msg`,`oper_time`) values (100,'代码生成',6,'com.ruoyi.generator.controller.GenController.importTableSave()','POST',1,'admin',NULL,'/ruoyi-vue-service/tool/gen/importTable','127.0.0.1','内网IP','\"t_type,t_book,t_product\"','{\"msg\":\"操作成功\",\"code\":200}',0,NULL,'2023-02-03 14:32:29'),(101,'代码生成',2,'com.ruoyi.generator.controller.GenController.editSave()','POST',1,'admin',NULL,'/ruoyi-vue-service/tool/gen/editSave','127.0.0.1','内网IP','{\"businessName\":\"type\",\"className\":\"TType\",\"columns\":[{\"capJavaField\":\"Id\",\"columnComment\":\"主键Id\",\"columnId\":21,\"columnName\":\"id\",\"columnType\":\"int\",\"createBy\":\"admin\",\"createTime\":\"2023-02-03 14:32:29\",\"dictType\":\"\",\"edit\":false,\"htmlType\":\"input\",\"increment\":false,\"insert\":true,\"isIncrement\":\"0\",\"isInsert\":\"1\",\"isPk\":\"1\",\"javaField\":\"id\",\"javaType\":\"Long\",\"list\":false,\"params\":{},\"pk\":true,\"query\":false,\"queryType\":\"EQ\",\"required\":false,\"sort\":1,\"superColumn\":false,\"tableId\":3,\"updateBy\":\"\",\"usableColumn\":false},{\"capJavaField\":\"TypeName\",\"columnComment\":\"类型名称\",\"columnId\":22,\"columnName\":\"type_name\",\"columnType\":\"varchar(255)\",\"createBy\":\"admin\",\"createTime\":\"2023-02-03 14:32:29\",\"dictType\":\"\",\"edit\":true,\"htmlType\":\"input\",\"increment\":false,\"insert\":true,\"isEdit\":\"1\",\"isIncrement\":\"0\",\"isInsert\":\"1\",\"isList\":\"1\",\"isPk\":\"0\",\"isQuery\":\"1\",\"javaField\":\"typeName\",\"javaType\":\"String\",\"list\":true,\"params\":{},\"pk\":false,\"query\":true,\"queryType\":\"LIKE\",\"required\":false,\"sort\":2,\"superColumn\":false,\"tableId\":3,\"updateBy\":\"\",\"usableColumn\":false},{\"capJavaField\":\"CreateTime\",\"columnComment\":\"创建时间\",\"columnId\":23,\"columnName\":\"create_time\",\"columnType\":\"datetime\",\"createBy\":\"admin\",\"createTime\":\"2023-02-03 14:32:29\",\"dictType\":\"\",\"edit\":false,\"htmlType\":\"datetime\",\"increment\":false,\"insert\":true,\"isIncrement\":\"0\",\"isInsert\":\"1\",\"isPk\":\"0\",\"javaField\":\"createTime\",\"javaType\":\"Date\",\"list\":false,\"params\":{},\"pk\":false,\"query\":false,\"queryType\":\"EQ\",\"required\":false,\"sort\":3,\"superColumn\":true,\"tableId\":3,\"updateBy\":\"\",\"usableColumn\":false},{\"capJavaField\":\"CreateBy\",\"columnComment\":\"创建人\",\"columnId\":24,\"columnName\":\"create_by\",\"columnType\":\"varchar(100)\",\"createBy\":\"admin\",\"createTime\":\"2023-02-03 14:32:29\",\"dictType\":\"\",\"edit\":false,\"htmlType\":\"input\",\"increment\":false,\"insert\":true,\"isIncrement\":\"0\",\"isInsert\":\"1\",\"isPk\":\"0\",\"javaField\":\"createBy\",\"javaType\":\"String\",\"list\":false,\"params\":{},\"pk\":false,\"query\":false,\"queryType\":\"EQ\",\"required\":false,\"sort\":4,\"superColumn\":tru','{\"msg\":\"操作成功\",\"code\":200}',0,NULL,'2023-02-03 14:33:06'),(102,'代码生成',2,'com.ruoyi.generator.controller.GenController.editSave()','POST',1,'admin',NULL,'/ruoyi-vue-service/tool/gen/editSave','127.0.0.1','内网IP','{\"businessName\":\"product\",\"className\":\"TProduct\",\"columns\":[{\"capJavaField\":\"Id\",\"columnId\":11,\"columnName\":\"id\",\"columnType\":\"int\",\"createBy\":\"admin\",\"createTime\":\"2023-02-03 14:32:29\",\"dictType\":\"\",\"edit\":false,\"htmlType\":\"input\",\"increment\":true,\"insert\":true,\"isIncrement\":\"1\",\"isInsert\":\"1\",\"isPk\":\"1\",\"javaField\":\"id\",\"javaType\":\"Long\",\"list\":false,\"params\":{},\"pk\":true,\"query\":false,\"queryType\":\"EQ\",\"required\":false,\"sort\":1,\"superColumn\":false,\"tableId\":2,\"updateBy\":\"\",\"usableColumn\":false},{\"capJavaField\":\"TypeId\",\"columnComment\":\"商品类型\",\"columnId\":12,\"columnName\":\"type_id\",\"columnType\":\"int\",\"createBy\":\"admin\",\"createTime\":\"2023-02-03 14:32:29\",\"dictType\":\"\",\"edit\":true,\"htmlType\":\"input\",\"increment\":false,\"insert\":true,\"isEdit\":\"1\",\"isIncrement\":\"0\",\"isInsert\":\"1\",\"isList\":\"1\",\"isPk\":\"0\",\"isQuery\":\"1\",\"javaField\":\"typeId\",\"javaType\":\"Long\",\"list\":true,\"params\":{},\"pk\":false,\"query\":true,\"queryType\":\"EQ\",\"required\":false,\"sort\":2,\"superColumn\":false,\"tableId\":2,\"updateBy\":\"\",\"usableColumn\":false},{\"capJavaField\":\"ProductName\",\"columnComment\":\"商品名称\",\"columnId\":13,\"columnName\":\"product_name\",\"columnType\":\"varchar(100)\",\"createBy\":\"admin\",\"createTime\":\"2023-02-03 14:32:29\",\"dictType\":\"\",\"edit\":true,\"htmlType\":\"input\",\"increment\":false,\"insert\":true,\"isEdit\":\"1\",\"isIncrement\":\"0\",\"isInsert\":\"1\",\"isList\":\"1\",\"isPk\":\"0\",\"isQuery\":\"1\",\"javaField\":\"productName\",\"javaType\":\"String\",\"list\":true,\"params\":{},\"pk\":false,\"query\":true,\"queryType\":\"LIKE\",\"required\":false,\"sort\":3,\"superColumn\":false,\"tableId\":2,\"updateBy\":\"\",\"usableColumn\":false},{\"capJavaField\":\"ProductImg\",\"columnComment\":\"商品图片\",\"columnId\":14,\"columnName\":\"product_img\",\"columnType\":\"text\",\"createBy\":\"admin\",\"createTime\":\"2023-02-03 14:32:29\",\"dictType\":\"\",\"edit\":true,\"htmlType\":\"imageUpload\",\"increment\":false,\"insert\":true,\"isEdit\":\"1\",\"isIncrement\":\"0\",\"isInsert\":\"1\",\"isList\":\"1\",\"isPk\":\"0\",\"isQuery\":\"1\",\"javaField\":\"productImg\",\"javaType\":\"String\",\"list\":true,\"params\":{},\"pk\":false,\"query\":true,\"queryTyp','{\"msg\":\"操作成功\",\"code\":200}',0,NULL,'2023-02-03 14:33:38'),(103,'代码生成',3,'com.ruoyi.generator.controller.GenController.remove()','GET',1,'admin',NULL,'/ruoyi-vue-service/tool/gen/remove/1','127.0.0.1','内网IP','{tableIds=1}','{\"msg\":\"操作成功\",\"code\":200}',0,NULL,'2023-02-03 14:33:58'),(104,'代码生成',6,'com.ruoyi.generator.controller.GenController.importTableSave()','POST',1,'admin',NULL,'/ruoyi-vue-service/tool/gen/importTable','127.0.0.1','内网IP','\"t_book\"','{\"msg\":\"操作成功\",\"code\":200}',0,NULL,'2023-02-03 14:34:33'),(105,'代码生成',2,'com.ruoyi.generator.controller.GenController.editSave()','POST',1,'admin',NULL,'/ruoyi-vue-service/tool/gen/editSave','127.0.0.1','内网IP','{\"businessName\":\"book\",\"className\":\"TBook\",\"columns\":[{\"capJavaField\":\"Id\",\"columnId\":27,\"columnName\":\"id\",\"columnType\":\"int\",\"createBy\":\"admin\",\"createTime\":\"2023-02-03 14:34:33\",\"dictType\":\"\",\"edit\":false,\"htmlType\":\"input\",\"increment\":true,\"insert\":true,\"isIncrement\":\"1\",\"isInsert\":\"1\",\"isPk\":\"1\",\"javaField\":\"id\",\"javaType\":\"Long\",\"list\":false,\"params\":{},\"pk\":true,\"query\":false,\"queryType\":\"EQ\",\"required\":false,\"sort\":1,\"superColumn\":false,\"tableId\":4,\"updateBy\":\"\",\"usableColumn\":false},{\"capJavaField\":\"TypeId\",\"columnComment\":\"类型\",\"columnId\":28,\"columnName\":\"type_id\",\"columnType\":\"int\",\"createBy\":\"admin\",\"createTime\":\"2023-02-03 14:34:33\",\"dictType\":\"\",\"edit\":true,\"htmlType\":\"input\",\"increment\":false,\"insert\":true,\"isEdit\":\"1\",\"isIncrement\":\"0\",\"isInsert\":\"1\",\"isList\":\"1\",\"isPk\":\"0\",\"isQuery\":\"1\",\"javaField\":\"typeId\",\"javaType\":\"Long\",\"list\":true,\"params\":{},\"pk\":false,\"query\":true,\"queryType\":\"EQ\",\"required\":false,\"sort\":2,\"superColumn\":false,\"tableId\":4,\"updateBy\":\"\",\"usableColumn\":false},{\"capJavaField\":\"BookName\",\"columnComment\":\"书名称\",\"columnId\":29,\"columnName\":\"book_name\",\"columnType\":\"varchar(100)\",\"createBy\":\"admin\",\"createTime\":\"2023-02-03 14:34:33\",\"dictType\":\"\",\"edit\":true,\"htmlType\":\"input\",\"increment\":false,\"insert\":true,\"isEdit\":\"1\",\"isIncrement\":\"0\",\"isInsert\":\"1\",\"isList\":\"1\",\"isPk\":\"0\",\"isQuery\":\"1\",\"javaField\":\"bookName\",\"javaType\":\"String\",\"list\":true,\"params\":{},\"pk\":false,\"query\":true,\"queryType\":\"LIKE\",\"required\":false,\"sort\":3,\"superColumn\":false,\"tableId\":4,\"updateBy\":\"\",\"usableColumn\":false},{\"capJavaField\":\"BookImg\",\"columnComment\":\"主图\",\"columnId\":30,\"columnName\":\"book_img\",\"columnType\":\"text\",\"createBy\":\"admin\",\"createTime\":\"2023-02-03 14:34:33\",\"dictType\":\"\",\"edit\":true,\"htmlType\":\"imageUpload\",\"increment\":false,\"insert\":true,\"isEdit\":\"1\",\"isIncrement\":\"0\",\"isInsert\":\"1\",\"isList\":\"1\",\"isPk\":\"0\",\"isQuery\":\"1\",\"javaField\":\"bookImg\",\"javaType\":\"String\",\"list\":true,\"params\":{},\"pk\":false,\"query\":true,\"queryType\":\"EQ\",\"required\":false,\"sor','{\"msg\":\"操作成功\",\"code\":200}',0,NULL,'2023-02-03 14:34:59'),(106,'代码生成',8,'com.ruoyi.generator.controller.GenController.batchGenCode()','GET',1,'admin',NULL,'/ruoyi-vue-service/tool/gen/batchGenCode','127.0.0.1','内网IP','{}',NULL,0,NULL,'2023-02-03 14:35:03'),(107,'类型管理',1,'com.ruoyi.web.controller.system.TTypeController.add()','POST',1,'admin',NULL,'/ruoyi-vue-service/system/type/add','127.0.0.1','内网IP','{\"createBy\":\"admin\",\"createTime\":\"2023-02-03T14:41:01.735+08:00\",\"params\":{},\"typeName\":\"类型一\",\"updateBy\":\"admin\",\"updateTime\":\"2023-02-03T14:41:01.735+08:00\"}',NULL,1,'\r\n### Error updating database.  Cause: java.sql.SQLException: Field \'id\' doesn\'t have a default value\r\n### The error may exist in com/ruoyi/system/mapper/TTypeMapper.java (best guess)\r\n### The error may involve com.ruoyi.system.mapper.TTypeMapper.insert-Inline\r\n### The error occurred while setting parameters\r\n### SQL: INSERT INTO t_type  ( type_name, create_by, create_time, update_by, update_time )  VALUES  ( ?, ?, ?, ?, ? )\r\n### Cause: java.sql.SQLException: Field \'id\' doesn\'t have a default value\n; Field \'id\' doesn\'t have a default value; nested exception is java.sql.SQLException: Field \'id\' doesn\'t have a default value','2023-02-03 14:41:02'),(108,'类型管理',1,'com.ruoyi.web.controller.system.TTypeController.add()','POST',1,'admin',NULL,'/ruoyi-vue-service/system/type/add','127.0.0.1','内网IP','{\"createBy\":\"admin\",\"createTime\":\"2023-02-03T14:41:26.562+08:00\",\"id\":1,\"params\":{},\"typeName\":\"类型一\",\"updateBy\":\"admin\",\"updateTime\":\"2023-02-03T14:41:26.562+08:00\"}','{\"msg\":\"操作成功\",\"code\":200}',0,NULL,'2023-02-03 14:41:26'),(109,'类型管理',1,'com.ruoyi.web.controller.system.TTypeController.add()','POST',1,'admin',NULL,'/ruoyi-vue-service/system/type/add','127.0.0.1','内网IP','{\"createBy\":\"admin\",\"createTime\":\"2023-02-03T14:41:31.244+08:00\",\"id\":2,\"params\":{},\"typeName\":\"类型二\",\"updateBy\":\"admin\",\"updateTime\":\"2023-02-03T14:41:31.244+08:00\"}','{\"msg\":\"操作成功\",\"code\":200}',0,NULL,'2023-02-03 14:41:31'),(110,'类型管理',1,'com.ruoyi.web.controller.system.TTypeController.add()','POST',1,'admin',NULL,'/ruoyi-vue-service/system/type/add','127.0.0.1','内网IP','{\"createBy\":\"admin\",\"createTime\":\"2023-02-03T14:41:38.668+08:00\",\"id\":3,\"params\":{},\"typeName\":\"类型三\",\"updateBy\":\"admin\",\"updateTime\":\"2023-02-03T14:41:38.668+08:00\"}','{\"msg\":\"操作成功\",\"code\":200}',0,NULL,'2023-02-03 14:41:38'),(111,'商品信息',1,'com.ruoyi.web.controller.system.TProductController.add()','POST',1,'admin',NULL,'/ruoyi-vue-service/system/product/add','127.0.0.1','内网IP','{\"createBy\":\"admin\",\"createTime\":\"2023-02-03T14:50:49.439+08:00\",\"id\":1,\"params\":{},\"productDetails\":\"11111111111111\",\"productImg\":\"/profile/upload/2023/02/03/64ab913f-96b1-41c1-aad3-8e5819ec6843.jpg\",\"productName\":\"商品一\",\"productNum\":0,\"updateBy\":\"admin\",\"updateTime\":\"2023-02-03T14:50:49.439+08:00\"}','{\"msg\":\"操作成功\",\"code\":200}',0,NULL,'2023-02-03 14:50:49'),(112,'商品信息',2,'com.ruoyi.web.controller.system.TProductController.edit()','POST',1,'admin',NULL,'/ruoyi-vue-service/system/product/edit','127.0.0.1','内网IP','{\"createBy\":\"admin\",\"createTime\":\"2023-02-03 14:50:49\",\"id\":1,\"params\":{},\"productDetails\":\"11111111111111\",\"productImg\":\"/profile/upload/2023/02/03/64ab913f-96b1-41c1-aad3-8e5819ec6843.jpg\",\"productName\":\"商品一\",\"productNum\":0,\"updateBy\":\"admin\",\"updateTime\":\"2023-02-03T14:50:55.204+08:00\"}','{\"msg\":\"操作成功\",\"code\":200}',0,NULL,'2023-02-03 14:50:55'),(113,'商品信息',2,'com.ruoyi.web.controller.system.TProductController.edit()','POST',1,'admin',NULL,'/ruoyi-vue-service/system/product/edit','127.0.0.1','内网IP','{\"createBy\":\"admin\",\"createTime\":\"2023-02-03 14:50:49\",\"id\":1,\"params\":{},\"productDetails\":\"11111111111111\",\"productImg\":\"/profile/upload/2023/02/03/64ab913f-96b1-41c1-aad3-8e5819ec6843.jpg\",\"productName\":\"商品一\",\"productNum\":0,\"typeId\":3,\"updateBy\":\"admin\",\"updateTime\":\"2023-02-03T14:51:46.125+08:00\"}','{\"msg\":\"操作成功\",\"code\":200}',0,NULL,'2023-02-03 14:51:46'),(114,'书籍信息',1,'com.ruoyi.web.controller.system.TBookController.add()','POST',1,'admin',NULL,'/ruoyi-vue-service/system/book/add','127.0.0.1','内网IP','{\"bookDetails\":\"介绍\",\"bookImg\":\"/profile/upload/2023/02/03/3a66651a-295b-47b3-880b-d296459c745f.jpg\",\"bookName\":\"书本一\",\"bookNum\":0,\"createBy\":\"admin\",\"createTime\":\"2023-02-03T14:56:40.468+08:00\",\"id\":1,\"params\":{},\"typeId\":3,\"updateBy\":\"admin\",\"updateTime\":\"2023-02-03T14:56:40.468+08:00\"}','{\"msg\":\"操作成功\",\"code\":200}',0,NULL,'2023-02-03 14:56:40'),(115,'代码生成',6,'com.ruoyi.generator.controller.GenController.importTableSave()','POST',1,'admin',NULL,'/ruoyi-vue-service/tool/gen/importTable','127.0.0.1','内网IP','\"t_stock\"','{\"msg\":\"操作成功\",\"code\":200}',0,NULL,'2023-02-03 15:51:01'),(116,'代码生成',2,'com.ruoyi.generator.controller.GenController.editSave()','POST',1,'admin',NULL,'/ruoyi-vue-service/tool/gen/editSave','127.0.0.1','内网IP','{\"businessName\":\"stock\",\"className\":\"TStock\",\"columns\":[{\"capJavaField\":\"Id\",\"columnComment\":\"主键Id\",\"columnId\":37,\"columnName\":\"id\",\"columnType\":\"int\",\"createBy\":\"admin\",\"createTime\":\"2023-02-03 15:51:01\",\"dictType\":\"\",\"edit\":false,\"htmlType\":\"input\",\"increment\":true,\"insert\":true,\"isIncrement\":\"1\",\"isInsert\":\"1\",\"isPk\":\"1\",\"javaField\":\"id\",\"javaType\":\"Long\",\"list\":false,\"params\":{},\"pk\":true,\"query\":false,\"queryType\":\"EQ\",\"required\":false,\"sort\":1,\"superColumn\":false,\"tableId\":5,\"updateBy\":\"\",\"usableColumn\":false},{\"capJavaField\":\"TableId\",\"columnComment\":\"关联Id\",\"columnId\":38,\"columnName\":\"table_id\",\"columnType\":\"int\",\"createBy\":\"admin\",\"createTime\":\"2023-02-03 15:51:01\",\"dictType\":\"\",\"edit\":true,\"htmlType\":\"input\",\"increment\":false,\"insert\":true,\"isEdit\":\"1\",\"isIncrement\":\"0\",\"isInsert\":\"1\",\"isList\":\"1\",\"isPk\":\"0\",\"isQuery\":\"1\",\"javaField\":\"tableId\",\"javaType\":\"Long\",\"list\":true,\"params\":{},\"pk\":false,\"query\":true,\"queryType\":\"EQ\",\"required\":false,\"sort\":2,\"superColumn\":false,\"tableId\":5,\"updateBy\":\"\",\"usableColumn\":false},{\"capJavaField\":\"Type\",\"columnComment\":\"类型（0：入库，1：出库）\",\"columnId\":39,\"columnName\":\"type\",\"columnType\":\"char(1)\",\"createBy\":\"admin\",\"createTime\":\"2023-02-03 15:51:01\",\"dictType\":\"\",\"edit\":true,\"htmlType\":\"select\",\"increment\":false,\"insert\":true,\"isEdit\":\"1\",\"isIncrement\":\"0\",\"isInsert\":\"1\",\"isList\":\"1\",\"isPk\":\"0\",\"isQuery\":\"1\",\"javaField\":\"type\",\"javaType\":\"String\",\"list\":true,\"params\":{},\"pk\":false,\"query\":true,\"queryType\":\"EQ\",\"required\":false,\"sort\":3,\"superColumn\":false,\"tableId\":5,\"updateBy\":\"\",\"usableColumn\":false},{\"capJavaField\":\"Num\",\"columnComment\":\"数量\",\"columnId\":40,\"columnName\":\"num\",\"columnType\":\"int\",\"createBy\":\"admin\",\"createTime\":\"2023-02-03 15:51:01\",\"dictType\":\"\",\"edit\":true,\"htmlType\":\"input\",\"increment\":false,\"insert\":true,\"isEdit\":\"1\",\"isIncrement\":\"0\",\"isInsert\":\"1\",\"isList\":\"1\",\"isPk\":\"0\",\"isQuery\":\"1\",\"javaField\":\"num\",\"javaType\":\"Long\",\"list\":true,\"params\":{},\"pk\":false,\"query\":true,\"queryType\":\"EQ\",\"required\":false,\"sort','{\"msg\":\"操作成功\",\"code\":200}',0,NULL,'2023-02-03 15:52:17'),(117,'代码生成',8,'com.ruoyi.generator.controller.GenController.batchGenCode()','GET',1,'admin',NULL,'/ruoyi-vue-service/tool/gen/batchGenCode','127.0.0.1','内网IP','{}',NULL,0,NULL,'2023-02-03 15:53:11'),(118,'出入库记录',1,'com.ruoyi.web.controller.system.TStockController.add()','POST',1,'admin',NULL,'/ruoyi-vue-service/system/stock/add','127.0.0.1','内网IP','{\"createBy\":\"admin\",\"createTime\":\"2023-02-03T16:20:42.394+08:00\",\"id\":1,\"num\":10,\"params\":{},\"tableId\":1,\"type\":\"0\",\"updateBy\":\"admin\",\"updateTime\":\"2023-02-03T16:20:42.394+08:00\"}','{\"msg\":\"操作成功\",\"code\":200}',0,NULL,'2023-02-03 16:20:42'),(119,'出入库记录',2,'com.ruoyi.web.controller.system.TStockController.edit()','POST',1,'admin',NULL,'/ruoyi-vue-service/system/stock/edit','127.0.0.1','内网IP','{\"createBy\":\"admin\",\"createTime\":\"2023-02-03 16:20:42\",\"id\":1,\"num\":2,\"params\":{},\"tableId\":1,\"type\":\"0\",\"updateBy\":\"admin\",\"updateTime\":\"2023-02-03T16:20:53.068+08:00\"}','{\"msg\":\"操作成功\",\"code\":200}',0,NULL,'2023-02-03 16:20:53'),(120,'出入库记录',1,'com.ruoyi.web.controller.system.TStockController.add()','POST',1,'admin',NULL,'/ruoyi-vue-service/system/stock/add','127.0.0.1','内网IP','{\"createBy\":\"admin\",\"createTime\":\"2023-02-03T16:31:10.667+08:00\",\"id\":2,\"num\":1,\"params\":{},\"tableId\":1,\"type\":\"0\",\"updateBy\":\"admin\",\"updateTime\":\"2023-02-03T16:31:10.667+08:00\"}','{\"msg\":\"操作成功\",\"code\":200}',0,NULL,'2023-02-03 16:31:10'),(121,'出入库记录',2,'com.ruoyi.web.controller.system.TStockController.edit()','POST',1,'admin',NULL,'/ruoyi-vue-service/system/stock/edit','127.0.0.1','内网IP','{\"createBy\":\"admin\",\"createTime\":\"2023-02-03 16:31:11\",\"id\":2,\"num\":1,\"params\":{},\"tableId\":1,\"type\":\"1\",\"updateBy\":\"admin\",\"updateTime\":\"2023-02-03T16:31:34.426+08:00\"}','{\"msg\":\"操作成功\",\"code\":200}',0,NULL,'2023-02-03 16:31:34'),(122,'商品信息',2,'com.ruoyi.web.controller.system.TProductController.edit()','POST',1,'admin',NULL,'/ruoyi-vue-service/system/product/edit','127.0.0.1','内网IP','{\"createBy\":\"admin\",\"createTime\":\"2023-02-03 14:50:49\",\"id\":1,\"params\":{},\"productDetails\":\"11111111111111\",\"productImg\":\"/profile/upload/2023/02/03/64ab913f-96b1-41c1-aad3-8e5819ec6843.jpg\",\"productName\":\"商品一\",\"productNum\":3,\"typeId\":3,\"updateBy\":\"admin\",\"updateTime\":\"2023-02-03T16:43:43.383+08:00\"}','{\"msg\":\"操作成功\",\"code\":200}',0,NULL,'2023-02-03 16:43:43'),(123,'代码生成',6,'com.ruoyi.generator.controller.GenController.importTableSave()','POST',1,'admin',NULL,'/ruoyi-vue-service/tool/gen/importTable','127.0.0.1','内网IP','\"t_shopping_cart\"','{\"msg\":\"操作成功\",\"code\":200}',0,NULL,'2023-02-03 16:50:30'),(124,'代码生成',2,'com.ruoyi.generator.controller.GenController.editSave()','POST',1,'admin',NULL,'/ruoyi-vue-service/tool/gen/editSave','127.0.0.1','内网IP','{\"businessName\":\"shoppingCart\",\"className\":\"TShoppingCart\",\"columns\":[{\"capJavaField\":\"Id\",\"columnComment\":\"主键Id\",\"columnId\":45,\"columnName\":\"id\",\"columnType\":\"int\",\"createBy\":\"admin\",\"createTime\":\"2023-02-03 16:50:30\",\"dictType\":\"\",\"edit\":false,\"htmlType\":\"input\",\"increment\":false,\"insert\":true,\"isIncrement\":\"0\",\"isInsert\":\"1\",\"isPk\":\"1\",\"javaField\":\"id\",\"javaType\":\"Long\",\"list\":false,\"params\":{},\"pk\":true,\"query\":false,\"queryType\":\"EQ\",\"required\":false,\"sort\":1,\"superColumn\":false,\"tableId\":6,\"updateBy\":\"\",\"usableColumn\":false},{\"capJavaField\":\"UserId\",\"columnComment\":\"用户id\",\"columnId\":46,\"columnName\":\"user_id\",\"columnType\":\"int\",\"createBy\":\"admin\",\"createTime\":\"2023-02-03 16:50:30\",\"dictType\":\"\",\"edit\":true,\"htmlType\":\"input\",\"increment\":false,\"insert\":true,\"isEdit\":\"1\",\"isIncrement\":\"0\",\"isInsert\":\"1\",\"isList\":\"1\",\"isPk\":\"0\",\"isQuery\":\"1\",\"javaField\":\"userId\",\"javaType\":\"Long\",\"list\":true,\"params\":{},\"pk\":false,\"query\":true,\"queryType\":\"EQ\",\"required\":false,\"sort\":2,\"superColumn\":false,\"tableId\":6,\"updateBy\":\"\",\"usableColumn\":false},{\"capJavaField\":\"TableId\",\"columnComment\":\"关联id\",\"columnId\":47,\"columnName\":\"table_id\",\"columnType\":\"int\",\"createBy\":\"admin\",\"createTime\":\"2023-02-03 16:50:30\",\"dictType\":\"\",\"edit\":true,\"htmlType\":\"input\",\"increment\":false,\"insert\":true,\"isEdit\":\"1\",\"isIncrement\":\"0\",\"isInsert\":\"1\",\"isList\":\"1\",\"isPk\":\"0\",\"isQuery\":\"1\",\"javaField\":\"tableId\",\"javaType\":\"Long\",\"list\":true,\"params\":{},\"pk\":false,\"query\":true,\"queryType\":\"EQ\",\"required\":false,\"sort\":3,\"superColumn\":false,\"tableId\":6,\"updateBy\":\"\",\"usableColumn\":false},{\"capJavaField\":\"Num\",\"columnComment\":\"数量\",\"columnId\":48,\"columnName\":\"num\",\"columnType\":\"int\",\"createBy\":\"admin\",\"createTime\":\"2023-02-03 16:50:30\",\"dictType\":\"\",\"edit\":true,\"htmlType\":\"input\",\"increment\":false,\"insert\":true,\"isEdit\":\"1\",\"isIncrement\":\"0\",\"isInsert\":\"1\",\"isList\":\"1\",\"isPk\":\"0\",\"isQuery\":\"1\",\"javaField\":\"num\",\"javaType\":\"Long\",\"list\":true,\"params\":{},\"pk\":false,\"query\":true,\"queryType\":\"EQ\",\"required\":false','{\"msg\":\"操作成功\",\"code\":200}',0,NULL,'2023-02-03 16:50:53'),(125,'代码生成',8,'com.ruoyi.generator.controller.GenController.batchGenCode()','GET',1,'admin',NULL,'/ruoyi-vue-service/tool/gen/batchGenCode','127.0.0.1','内网IP','{}',NULL,0,NULL,'2023-02-03 16:50:57'),(126,'商品信息',2,'com.ruoyi.web.controller.system.TProductController.edit()','POST',1,'admin',NULL,'/ruoyi-vue-service/system/product/edit','127.0.0.1','内网IP','{\"createBy\":\"admin\",\"createTime\":\"2023-02-03 14:50:49\",\"id\":1,\"params\":{},\"price\":20,\"productDetails\":\"11111111111111\",\"productImg\":\"/profile/upload/2023/02/03/64ab913f-96b1-41c1-aad3-8e5819ec6843.jpg\",\"productName\":\"商品一\",\"productNum\":3,\"typeId\":3,\"updateBy\":\"admin\",\"updateTime\":\"2023-02-03T17:31:04.589+08:00\"}','{\"msg\":\"操作成功\",\"code\":200}',0,NULL,'2023-02-03 17:31:05'),(127,'购物车',1,'com.ruoyi.web.controller.system.TShoppingCartController.add()','POST',1,'admin',NULL,'/ruoyi-vue-service/system/shoppingCart/add','127.0.0.1','内网IP','{\"createBy\":\"admin\",\"createTime\":\"2023-02-03T17:42:33.361+08:00\",\"num\":5,\"params\":{},\"updateBy\":\"admin\",\"updateTime\":\"2023-02-03T17:42:33.361+08:00\",\"userId\":1}',NULL,1,'\r\n### Error updating database.  Cause: com.mysql.cj.jdbc.exceptions.MysqlDataTruncation: Data truncation: Incorrect datetime value: \'admin\' for column \'update_by\' at row 1\r\n### The error may exist in com/ruoyi/system/mapper/TShoppingCartMapper.java (best guess)\r\n### The error may involve com.ruoyi.system.mapper.TShoppingCartMapper.insert-Inline\r\n### The error occurred while setting parameters\r\n### SQL: INSERT INTO t_shopping_cart  ( user_id,  num,  create_by, create_time, update_by, update_time )  VALUES  ( ?,  ?,  ?, ?, ?, ? )\r\n### Cause: com.mysql.cj.jdbc.exceptions.MysqlDataTruncation: Data truncation: Incorrect datetime value: \'admin\' for column \'update_by\' at row 1\n; Data truncation: Incorrect datetime value: \'admin\' for column \'update_by\' at row 1; nested exception is com.mysql.cj.jdbc.exceptions.MysqlDataTruncation: Data truncation: Incorrect datetime value: \'admin\' for column \'update_by\' at row 1','2023-02-03 17:42:33'),(128,'购物车',1,'com.ruoyi.web.controller.system.TShoppingCartController.add()','POST',1,'admin',NULL,'/ruoyi-vue-service/system/shoppingCart/add','127.0.0.1','内网IP','{\"num\":5,\"params\":{},\"userId\":1}',NULL,1,'添加失败','2023-02-03 17:43:34'),(129,'购物车',1,'com.ruoyi.web.controller.system.TShoppingCartController.add()','POST',1,'admin',NULL,'/ruoyi-vue-service/system/shoppingCart/add','127.0.0.1','内网IP','{\"num\":5,\"params\":{},\"tableId\":1,\"userId\":1}',NULL,1,'库存数量不足','2023-02-03 17:43:58'),(130,'购物车',1,'com.ruoyi.web.controller.system.TShoppingCartController.add()','POST',1,'admin',NULL,'/ruoyi-vue-service/system/shoppingCart/add','127.0.0.1','内网IP','{\"createBy\":\"admin\",\"createTime\":\"2023-02-03T17:44:01.346+08:00\",\"num\":2,\"params\":{},\"price\":40.00,\"tableId\":1,\"updateBy\":\"admin\",\"updateTime\":\"2023-02-03T17:44:01.346+08:00\",\"userId\":1}',NULL,1,'\r\n### Error updating database.  Cause: java.sql.SQLException: Field \'id\' doesn\'t have a default value\r\n### The error may exist in com/ruoyi/system/mapper/TShoppingCartMapper.java (best guess)\r\n### The error may involve com.ruoyi.system.mapper.TShoppingCartMapper.insert-Inline\r\n### The error occurred while setting parameters\r\n### SQL: INSERT INTO t_shopping_cart  ( user_id, table_id, num, price, create_by, create_time, update_by, update_time )  VALUES  ( ?, ?, ?, ?, ?, ?, ?, ? )\r\n### Cause: java.sql.SQLException: Field \'id\' doesn\'t have a default value\n; Field \'id\' doesn\'t have a default value; nested exception is java.sql.SQLException: Field \'id\' doesn\'t have a default value','2023-02-03 17:44:01'),(131,'购物车',1,'com.ruoyi.web.controller.system.TShoppingCartController.add()','POST',1,'admin',NULL,'/ruoyi-vue-service/system/shoppingCart/add','127.0.0.1','内网IP','{\"createBy\":\"admin\",\"createTime\":\"2023-02-03T17:44:13.218+08:00\",\"id\":1,\"num\":2,\"params\":{},\"price\":40.00,\"tableId\":1,\"updateBy\":\"admin\",\"updateTime\":\"2023-02-03T17:44:13.218+08:00\",\"userId\":1}','{\"msg\":\"操作成功\",\"code\":200}',0,NULL,'2023-02-03 17:44:13'),(132,'购物车',2,'com.ruoyi.web.controller.system.TShoppingCartController.edit()','POST',1,'admin',NULL,'/ruoyi-vue-service/system/shoppingCart/edit','127.0.0.1','内网IP','{\"createBy\":\"admin\",\"createTime\":\"2023-02-03 17:44:13\",\"id\":1,\"num\":1,\"params\":{},\"price\":40,\"tableId\":1,\"updateBy\":\"admin\",\"updateTime\":\"2023-02-03T17:44:28.546+08:00\",\"userId\":1}','{\"msg\":\"操作成功\",\"code\":200}',0,NULL,'2023-02-03 17:44:28'),(133,'购物车',2,'com.ruoyi.web.controller.system.TShoppingCartController.edit()','POST',1,'admin',NULL,'/ruoyi-vue-service/system/shoppingCart/edit','127.0.0.1','内网IP','{\"createBy\":\"admin\",\"createTime\":\"2023-02-03 17:44:13\",\"id\":1,\"num\":1,\"params\":{},\"price\":20.00,\"productImg\":\"/profile/upload/2023/02/03/64ab913f-96b1-41c1-aad3-8e5819ec6843.jpg\",\"productName\":\"商品一\",\"tableId\":1,\"updateBy\":\"admin\",\"updateTime\":\"2023-02-03T17:49:39.865+08:00\",\"userId\":1}','{\"msg\":\"操作成功\",\"code\":200}',0,NULL,'2023-02-03 17:49:40'),(134,'购物车',2,'com.ruoyi.web.controller.system.TShoppingCartController.settlement()','POST',1,'admin',NULL,'/ruoyi-vue-service/system/shoppingCart/settlement','127.0.0.1','内网IP','{\"ids\":\"1\",\"params\":{}}','{\"msg\":\"操作成功\",\"code\":200}',0,NULL,'2023-02-03 23:21:52'),(135,'角色管理',2,'com.ruoyi.web.controller.system.SysRoleController.edit()','POST',1,'admin',NULL,'/ruoyi-vue-service/system/role/edit','127.0.0.1','内网IP','{\"admin\":false,\"createTime\":\"2023-02-03 14:06:47\",\"dataScope\":\"2\",\"delFlag\":\"0\",\"deptCheckStrictly\":true,\"flag\":false,\"menuCheckStrictly\":true,\"menuIds\":[2,2006,2007,2008,2009,2010,2011,2012,2013,2014,2015,2016,2017,2018,2019,2020,2021,2022,2023,2024,2025,2026,2027,2028,2029],\"params\":{},\"remark\":\"普通角色\",\"roleId\":2,\"roleKey\":\"common\",\"roleName\":\"普通角色\",\"roleSort\":\"2\",\"status\":\"0\",\"updateBy\":\"admin\"}','{\"msg\":\"操作成功\",\"code\":200}',0,NULL,'2023-02-04 12:37:25'),(136,'商品信息',1,'com.ruoyi.web.controller.system.TProductController.add()','POST',1,'admin',NULL,'/ruoyi-vue-service/system/product/add','127.0.0.1','内网IP','{\"createBy\":\"admin\",\"createTime\":\"2023-02-04T12:37:43.732+08:00\",\"id\":2,\"params\":{},\"price\":55,\"productDetails\":\"11111111111111\",\"productImg\":\"/profile/upload/2023/02/04/cec19d96-a155-48e5-8cd0-e220a4fad5c7.jpg\",\"productName\":\"商品二\",\"productNum\":0,\"typeId\":2,\"updateBy\":\"admin\",\"updateTime\":\"2023-02-04T12:37:43.732+08:00\"}','{\"msg\":\"操作成功\",\"code\":200}',0,NULL,'2023-02-04 12:37:43'),(137,'出入库记录',1,'com.ruoyi.web.controller.system.TStockController.add()','POST',1,'admin',NULL,'/ruoyi-vue-service/system/stock/add','127.0.0.1','内网IP','{\"createBy\":\"admin\",\"createTime\":\"2023-02-04T12:37:56.007+08:00\",\"id\":3,\"num\":20,\"params\":{},\"tableId\":2,\"type\":\"0\",\"updateBy\":\"admin\",\"updateTime\":\"2023-02-04T12:37:56.007+08:00\"}','{\"msg\":\"操作成功\",\"code\":200}',0,NULL,'2023-02-04 12:37:56'),(138,'商品信息',1,'com.ruoyi.web.controller.system.TProductController.add()','POST',1,'admin',NULL,'/ruoyi-vue-service/system/product/add','127.0.0.1','内网IP','{\"createBy\":\"admin\",\"createTime\":\"2023-02-04T12:42:12.059+08:00\",\"id\":3,\"params\":{},\"price\":22,\"productDetails\":\"111111\",\"productImg\":\"/profile/upload/2023/02/04/9a2d2cec-1b3f-4775-a744-ca1203ccded1.jpg\",\"productName\":\"商品1\",\"productNum\":0,\"typeId\":3,\"updateBy\":\"admin\",\"updateTime\":\"2023-02-04T12:42:12.059+08:00\"}','{\"msg\":\"操作成功\",\"code\":200}',0,NULL,'2023-02-04 12:42:12'),(139,'出入库记录',1,'com.ruoyi.web.controller.system.TStockController.add()','POST',1,'admin',NULL,'/ruoyi-vue-service/system/stock/add','127.0.0.1','内网IP','{\"createBy\":\"admin\",\"createTime\":\"2023-02-04T12:42:22.794+08:00\",\"id\":4,\"num\":20,\"params\":{},\"tableId\":3,\"type\":\"0\",\"updateBy\":\"admin\",\"updateTime\":\"2023-02-04T12:42:22.794+08:00\"}','{\"msg\":\"操作成功\",\"code\":200}',0,NULL,'2023-02-04 12:42:22'),(140,'购物车',1,'com.ruoyi.web.controller.system.TShoppingCartController.add()','POST',1,'user1',NULL,'/ruoyi-vue-service/system/shoppingCart/add','127.0.0.1','内网IP','{\"createBy\":\"user1\",\"createTime\":\"2023-02-04T12:43:05.976+08:00\",\"id\":2,\"num\":1,\"params\":{},\"price\":20.00,\"tableId\":1,\"updateBy\":\"user1\",\"updateTime\":\"2023-02-04T12:43:05.976+08:00\",\"userId\":100}','{\"msg\":\"操作成功\",\"code\":200}',0,NULL,'2023-02-04 12:43:06'),(141,'购物车',2,'com.ruoyi.web.controller.system.TShoppingCartController.settlement()','POST',1,'user1',NULL,'/ruoyi-vue-service/system/shoppingCart/settlement','127.0.0.1','内网IP','{\"ids\":\"2\",\"params\":{}}','{\"msg\":\"操作成功\",\"code\":200}',0,NULL,'2023-02-04 12:44:00'),(142,'角色管理',2,'com.ruoyi.web.controller.system.SysRoleController.edit()','POST',1,'admin',NULL,'/ruoyi-vue-service/system/role/edit','127.0.0.1','内网IP','{\"admin\":false,\"createTime\":\"2023-02-03 14:06:47\",\"dataScope\":\"2\",\"delFlag\":\"0\",\"deptCheckStrictly\":true,\"flag\":false,\"menuCheckStrictly\":true,\"menuIds\":[2,2006,2007,2008,2009,2010,2011,2030,2031,2032,2033,2034,2035,2024,2025,2026,2027,2028,2029],\"params\":{},\"remark\":\"普通角色\",\"roleId\":2,\"roleKey\":\"common\",\"roleName\":\"普通角色\",\"roleSort\":\"2\",\"status\":\"0\",\"updateBy\":\"admin\"}','{\"msg\":\"操作成功\",\"code\":200}',0,NULL,'2023-02-14 17:53:44'),(143,'菜单管理',2,'com.ruoyi.web.controller.system.SysMenuController.edit()','POST',1,'admin',NULL,'/ruoyi-vue-service/system/menu/edit','127.0.0.1','内网IP','{\"children\":[],\"component\":\"system/shoppingCart/index\",\"createTime\":\"2023-02-03 16:51:24\",\"icon\":\"#\",\"isCache\":\"0\",\"isFrame\":\"1\",\"menuId\":2030,\"menuName\":\"订单\",\"menuType\":\"C\",\"orderNum\":1,\"params\":{},\"parentId\":2,\"path\":\"shoppingCart\",\"perms\":\"system:shoppingCart:list\",\"query\":\"{\\\"id\\\": 1}\",\"status\":\"0\",\"updateBy\":\"admin\",\"visible\":\"0\"}','{\"msg\":\"操作成功\",\"code\":200}',0,NULL,'2023-02-14 17:56:22'),(144,'菜单管理',2,'com.ruoyi.web.controller.system.SysMenuController.edit()','POST',1,'admin',NULL,'/ruoyi-vue-service/system/menu/edit','127.0.0.1','内网IP','{\"children\":[],\"component\":\"system/shoppingCart/index\",\"createTime\":\"2023-02-03 16:51:24\",\"icon\":\"#\",\"isCache\":\"0\",\"isFrame\":\"1\",\"menuId\":2030,\"menuName\":\"订单\",\"menuType\":\"C\",\"orderNum\":1,\"params\":{},\"parentId\":0,\"path\":\"shoppingCart\",\"perms\":\"system:shoppingCart:list\",\"query\":\"{\\\"id\\\": 1}\",\"status\":\"0\",\"updateBy\":\"admin\",\"visible\":\"0\"}','{\"msg\":\"操作成功\",\"code\":200}',0,NULL,'2023-02-14 23:47:03'),(145,'菜单管理',2,'com.ruoyi.web.controller.system.SysMenuController.edit()','POST',1,'admin',NULL,'/ruoyi-vue-service/system/menu/edit','127.0.0.1','内网IP','{\"children\":[],\"component\":\"system/shoppingCart/index\",\"createTime\":\"2023-02-03 16:51:24\",\"icon\":\"#\",\"isCache\":\"0\",\"isFrame\":\"1\",\"menuId\":2024,\"menuName\":\"购物车\",\"menuType\":\"C\",\"orderNum\":1,\"params\":{},\"parentId\":0,\"path\":\"shoppingCart\",\"perms\":\"system:shoppingCart:list\",\"status\":\"0\",\"updateBy\":\"admin\",\"visible\":\"0\"}','{\"msg\":\"操作成功\",\"code\":200}',0,NULL,'2023-02-14 23:47:11'),(146,'菜单管理',2,'com.ruoyi.web.controller.system.SysMenuController.edit()','POST',1,'admin',NULL,'/ruoyi-vue-service/system/menu/edit','127.0.0.1','内网IP','{\"children\":[],\"component\":\"system/shoppingCart/index\",\"createTime\":\"2023-02-03 16:51:24\",\"icon\":\"#\",\"isCache\":\"0\",\"isFrame\":\"1\",\"menuId\":2030,\"menuName\":\"订单\",\"menuType\":\"C\",\"orderNum\":1,\"params\":{},\"parentId\":0,\"path\":\"shoppingOrder\",\"perms\":\"system:shoppingCart:list\",\"query\":\"{\\\"id\\\": 1}\",\"status\":\"0\",\"updateBy\":\"admin\",\"visible\":\"0\"}','{\"msg\":\"操作成功\",\"code\":200}',0,NULL,'2023-02-14 23:48:25'),(147,'角色管理',2,'com.ruoyi.web.controller.system.SysRoleController.edit()','POST',1,'admin',NULL,'/ruoyi-vue-service/system/role/edit','127.0.0.1','内网IP','{\"admin\":false,\"createTime\":\"2023-02-03 14:06:47\",\"dataScope\":\"2\",\"delFlag\":\"0\",\"deptCheckStrictly\":true,\"flag\":false,\"menuCheckStrictly\":true,\"menuIds\":[2030,2031,2032,2033,2034,2035,2024,2025,2026,2027,2028,2029],\"params\":{},\"remark\":\"普通角色\",\"roleId\":2,\"roleKey\":\"common\",\"roleName\":\"普通角色\",\"roleSort\":\"2\",\"status\":\"0\",\"updateBy\":\"admin\"}','{\"msg\":\"操作成功\",\"code\":200}',0,NULL,'2023-02-14 23:49:27'),(148,'菜单管理',2,'com.ruoyi.web.controller.system.SysMenuController.edit()','POST',1,'admin',NULL,'/ruoyi-vue-service/system/menu/edit','127.0.0.1','内网IP','{\"children\":[],\"component\":\"system/shoppingCart/index\",\"createTime\":\"2023-02-03 16:51:24\",\"icon\":\"#\",\"isCache\":\"0\",\"isFrame\":\"1\",\"menuId\":2030,\"menuName\":\"订单\",\"menuType\":\"C\",\"orderNum\":1,\"params\":{},\"parentId\":0,\"path\":\"shoppingOrder\",\"perms\":\"system:shoppingCart:list\",\"query\":\"{\\\"id\\\": 1}\",\"status\":\"0\",\"updateBy\":\"admin\",\"visible\":\"0\"}','{\"msg\":\"操作成功\",\"code\":200}',0,NULL,'2023-02-14 23:49:38'),(149,'菜单管理',2,'com.ruoyi.web.controller.system.SysMenuController.edit()','POST',1,'admin',NULL,'/ruoyi-vue-service/system/menu/edit','127.0.0.1','内网IP','{\"children\":[],\"component\":\"system/shoppingOrder/index\",\"createTime\":\"2023-02-03 16:51:24\",\"icon\":\"#\",\"isCache\":\"0\",\"isFrame\":\"1\",\"menuId\":2030,\"menuName\":\"订单\",\"menuType\":\"C\",\"orderNum\":1,\"params\":{},\"parentId\":0,\"path\":\"shoppingOrder\",\"perms\":\"system:shoppingCart:list\",\"query\":\"{\\\"id\\\": 1}\",\"status\":\"0\",\"updateBy\":\"admin\",\"visible\":\"0\"}','{\"msg\":\"操作成功\",\"code\":200}',0,NULL,'2023-02-14 23:51:42'),(150,'菜单管理',1,'com.ruoyi.web.controller.system.SysMenuController.add()','POST',1,'admin',NULL,'/ruoyi-vue-service/system/menu/add','127.0.0.1','内网IP','{\"children\":[],\"component\":\"system/tj/index\",\"createBy\":\"admin\",\"isCache\":\"0\",\"isFrame\":\"1\",\"menuName\":\"我的推荐\",\"menuType\":\"C\",\"orderNum\":0,\"params\":{},\"parentId\":0,\"path\":\"tj\",\"status\":\"0\",\"visible\":\"0\"}','{\"msg\":\"操作成功\",\"code\":200}',0,NULL,'2023-02-15 00:00:38'),(151,'角色管理',2,'com.ruoyi.web.controller.system.SysRoleController.edit()','POST',1,'admin',NULL,'/ruoyi-vue-service/system/role/edit','127.0.0.1','内网IP','{\"admin\":false,\"createTime\":\"2023-02-03 14:06:47\",\"dataScope\":\"2\",\"delFlag\":\"0\",\"deptCheckStrictly\":true,\"flag\":false,\"menuCheckStrictly\":true,\"menuIds\":[2036,2024,2025,2026,2027,2028,2029,2030,2031,2032,2033,2034,2035],\"params\":{},\"remark\":\"普通角色\",\"roleId\":2,\"roleKey\":\"common\",\"roleName\":\"普通角色\",\"roleSort\":\"2\",\"status\":\"0\",\"updateBy\":\"admin\"}','{\"msg\":\"操作成功\",\"code\":200}',0,NULL,'2023-02-15 00:00:51'),(152,'购物车',1,'com.ruoyi.web.controller.system.TShoppingCartController.add()','POST',1,'gjd',NULL,'/ruoyi-vue-service/system/shoppingCart/add','127.0.0.1','内网IP','{\"createBy\":\"gjd\",\"createTime\":\"2023-03-04T10:44:42.723+08:00\",\"id\":3,\"num\":12,\"params\":{},\"price\":264.00,\"tableId\":3,\"updateBy\":\"gjd\",\"updateTime\":\"2023-03-04T10:44:42.723+08:00\",\"userId\":101}','{\"msg\":\"操作成功\",\"code\":200}',0,NULL,'2023-03-04 10:44:42'),(153,'购物车',2,'com.ruoyi.web.controller.system.TShoppingCartController.settlement()','POST',1,'gjd',NULL,'/ruoyi-vue-service/system/shoppingCart/settlement','127.0.0.1','内网IP','{\"ids\":\"3\",\"params\":{}}','{\"msg\":\"操作成功\",\"code\":200}',0,NULL,'2023-03-04 10:44:53'),(154,'商品信息',1,'com.ruoyi.web.controller.system.TProductController.add()','POST',1,'admin',NULL,'/ruoyi-vue-service/system/product/add','127.0.0.1','内网IP','{\"createBy\":\"admin\",\"createTime\":\"2023-03-04T10:47:02.058+08:00\",\"id\":4,\"params\":{},\"price\":123,\"productDetails\":\"哈哈哈哈哈哈\",\"productImg\":\"/profile/upload/2023/03/04/01cccc96-f888-4188-a8b4-9b41fa93e74d.jpg\",\"productName\":\"可乐\",\"productNum\":0,\"typeId\":2,\"updateBy\":\"admin\",\"updateTime\":\"2023-03-04T10:47:02.058+08:00\"}','{\"msg\":\"操作成功\",\"code\":200}',0,NULL,'2023-03-04 10:47:02'),(155,'出入库记录',1,'com.ruoyi.web.controller.system.TStockController.add()','POST',1,'admin',NULL,'/ruoyi-vue-service/system/stock/add','127.0.0.1','内网IP','{\"createBy\":\"admin\",\"createTime\":\"2023-03-04T10:48:28.68+08:00\",\"id\":5,\"num\":156,\"params\":{},\"tableId\":4,\"type\":\"0\",\"updateBy\":\"admin\",\"updateTime\":\"2023-03-04T10:48:28.68+08:00\"}','{\"msg\":\"操作成功\",\"code\":200}',0,NULL,'2023-03-04 10:48:28'),(156,'购物车',1,'com.ruoyi.web.controller.system.TShoppingCartController.add()','POST',1,'gjd',NULL,'/ruoyi-vue-service/system/shoppingCart/add','127.0.0.1','内网IP','{\"createBy\":\"gjd\",\"createTime\":\"2023-03-04T10:52:33.983+08:00\",\"id\":4,\"num\":10,\"params\":{},\"price\":1230.00,\"tableId\":4,\"updateBy\":\"gjd\",\"updateTime\":\"2023-03-04T10:52:33.983+08:00\",\"userId\":101}','{\"msg\":\"操作成功\",\"code\":200}',0,NULL,'2023-03-04 10:52:34'),(157,'购物车',2,'com.ruoyi.web.controller.system.TShoppingCartController.settlement()','POST',1,'gjd',NULL,'/ruoyi-vue-service/system/shoppingCart/settlement','127.0.0.1','内网IP','{\"ids\":\"4\",\"params\":{}}','{\"msg\":\"操作成功\",\"code\":200}',0,NULL,'2023-03-04 10:52:56'),(158,'购物车',1,'com.ruoyi.web.controller.system.TShoppingCartController.add()','POST',1,'gjd',NULL,'/ruoyi-vue-service/system/shoppingCart/add','127.0.0.1','内网IP','{\"createBy\":\"gjd\",\"createTime\":\"2023-03-04T10:53:50.742+08:00\",\"id\":5,\"num\":11,\"params\":{},\"price\":1353.00,\"tableId\":4,\"updateBy\":\"gjd\",\"updateTime\":\"2023-03-04T10:53:50.742+08:00\",\"userId\":101}','{\"msg\":\"操作成功\",\"code\":200}',0,NULL,'2023-03-04 10:53:50'),(159,'购物车',2,'com.ruoyi.web.controller.system.TShoppingCartController.settlement()','POST',1,'gjd',NULL,'/ruoyi-vue-service/system/shoppingCart/settlement','127.0.0.1','内网IP','{\"ids\":\"5\",\"params\":{}}','{\"msg\":\"操作成功\",\"code\":200}',0,NULL,'2023-03-04 10:53:55'),(160,'购物车',1,'com.ruoyi.web.controller.system.TShoppingCartController.add()','POST',1,'gjd',NULL,'/ruoyi-vue-service/system/shoppingCart/add','127.0.0.1','内网IP','{\"num\":12,\"params\":{},\"tableId\":1,\"userId\":101}',NULL,1,'库存数量不足','2023-03-04 10:55:22'),(161,'商品信息',1,'com.ruoyi.web.controller.system.TProductController.add()','POST',1,'admin',NULL,'/ruoyi-vue-service/system/product/add','127.0.0.1','内网IP','{\"createBy\":\"admin\",\"createTime\":\"2023-03-04T10:56:39.492+08:00\",\"id\":5,\"params\":{},\"price\":5,\"productDetails\":\"呵呵呵呵\",\"productImg\":\"/profile/upload/2023/03/04/028155aa-c5b1-4131-aab6-87ca4c0b98d7.jpg\",\"productName\":\"雪碧\",\"productNum\":0,\"typeId\":2,\"updateBy\":\"admin\",\"updateTime\":\"2023-03-04T10:56:39.492+08:00\"}','{\"msg\":\"操作成功\",\"code\":200}',0,NULL,'2023-03-04 10:56:39'),(162,'商品信息',1,'com.ruoyi.web.controller.system.TProductController.add()','POST',1,'admin',NULL,'/ruoyi-vue-service/system/product/add','127.0.0.1','内网IP','{\"createBy\":\"admin\",\"createTime\":\"2023-03-04T10:57:02.275+08:00\",\"id\":6,\"params\":{},\"price\":33,\"productDetails\":\"123123\",\"productImg\":\"/profile/upload/2023/03/04/5339b6b4-a55f-4da5-91ef-db2717bb1eec.jpg\",\"productName\":\"面包\",\"productNum\":0,\"typeId\":2,\"updateBy\":\"admin\",\"updateTime\":\"2023-03-04T10:57:02.275+08:00\"}','{\"msg\":\"操作成功\",\"code\":200}',0,NULL,'2023-03-04 10:57:02'),(163,'出入库记录',1,'com.ruoyi.web.controller.system.TStockController.add()','POST',1,'admin',NULL,'/ruoyi-vue-service/system/stock/add','127.0.0.1','内网IP','{\"createBy\":\"admin\",\"createTime\":\"2023-03-04T10:57:42.91+08:00\",\"id\":6,\"num\":221,\"params\":{},\"tableId\":6,\"type\":\"0\",\"updateBy\":\"admin\",\"updateTime\":\"2023-03-04T10:57:42.91+08:00\"}','{\"msg\":\"操作成功\",\"code\":200}',0,NULL,'2023-03-04 10:57:42'),(164,'出入库记录',1,'com.ruoyi.web.controller.system.TStockController.add()','POST',1,'admin',NULL,'/ruoyi-vue-service/system/stock/add','127.0.0.1','内网IP','{\"createBy\":\"admin\",\"createTime\":\"2023-03-04T10:57:58.442+08:00\",\"id\":7,\"num\":111,\"params\":{},\"tableId\":5,\"type\":\"0\",\"updateBy\":\"admin\",\"updateTime\":\"2023-03-04T10:57:58.442+08:00\"}','{\"msg\":\"操作成功\",\"code\":200}',0,NULL,'2023-03-04 10:57:58'),(165,'购物车',1,'com.ruoyi.web.controller.system.TShoppingCartController.add()','POST',1,'gjd11',NULL,'/ruoyi-vue-service/system/shoppingCart/add','127.0.0.1','内网IP','{\"createBy\":\"gjd11\",\"createTime\":\"2023-03-04T11:00:39.561+08:00\",\"id\":6,\"num\":12,\"params\":{},\"price\":396.00,\"tableId\":6,\"updateBy\":\"gjd11\",\"updateTime\":\"2023-03-04T11:00:39.561+08:00\",\"userId\":102}','{\"msg\":\"操作成功\",\"code\":200}',0,NULL,'2023-03-04 11:00:39'),(166,'购物车',2,'com.ruoyi.web.controller.system.TShoppingCartController.settlement()','POST',1,'gjd11',NULL,'/ruoyi-vue-service/system/shoppingCart/settlement','127.0.0.1','内网IP','{\"ids\":\"6\",\"params\":{}}','{\"msg\":\"操作成功\",\"code\":200}',0,NULL,'2023-03-04 11:00:46'),(167,'购物车',1,'com.ruoyi.web.controller.system.TShoppingCartController.add()','POST',1,'gjd11',NULL,'/ruoyi-vue-service/system/shoppingCart/add','127.0.0.1','内网IP','{\"createBy\":\"gjd11\",\"createTime\":\"2023-03-04T11:03:36.353+08:00\",\"id\":7,\"num\":12,\"params\":{},\"price\":60.00,\"tableId\":5,\"updateBy\":\"gjd11\",\"updateTime\":\"2023-03-04T11:03:36.353+08:00\",\"userId\":102}','{\"msg\":\"操作成功\",\"code\":200}',0,NULL,'2023-03-04 11:03:36'),(168,'购物车',1,'com.ruoyi.web.controller.system.TShoppingCartController.add()','POST',1,'gjd11',NULL,'/ruoyi-vue-service/system/shoppingCart/add','127.0.0.1','内网IP','{\"createBy\":\"gjd11\",\"createTime\":\"2023-03-04T11:03:40.407+08:00\",\"id\":8,\"num\":12,\"params\":{},\"price\":1476.00,\"tableId\":4,\"updateBy\":\"gjd11\",\"updateTime\":\"2023-03-04T11:03:40.407+08:00\",\"userId\":102}','{\"msg\":\"操作成功\",\"code\":200}',0,NULL,'2023-03-04 11:03:40'),(169,'购物车',2,'com.ruoyi.web.controller.system.TShoppingCartController.settlement()','POST',1,'gjd11',NULL,'/ruoyi-vue-service/system/shoppingCart/settlement','127.0.0.1','内网IP','{\"ids\":\"7\",\"params\":{}}','{\"msg\":\"操作成功\",\"code\":200}',0,NULL,'2023-03-04 11:03:53'),(170,'购物车',1,'com.ruoyi.web.controller.system.TShoppingCartController.add()','POST',1,'gjd11',NULL,'/ruoyi-vue-service/system/shoppingCart/add','127.0.0.1','内网IP','{\"createBy\":\"gjd11\",\"createTime\":\"2023-03-04T11:03:59.109+08:00\",\"id\":9,\"num\":12,\"params\":{},\"price\":60.00,\"tableId\":5,\"updateBy\":\"gjd11\",\"updateTime\":\"2023-03-04T11:03:59.109+08:00\",\"userId\":102}','{\"msg\":\"操作成功\",\"code\":200}',0,NULL,'2023-03-04 11:03:59'),(171,'商品信息',1,'com.ruoyi.web.controller.system.TProductController.add()','POST',1,'admin',NULL,'/ruoyi-vue-service/system/product/add','127.0.0.1','内网IP','{\"createBy\":\"admin\",\"createTime\":\"2023-03-04T11:09:14.4+08:00\",\"id\":7,\"params\":{},\"price\":111,\"productDetails\":\"1212\",\"productImg\":\"/profile/upload/2023/03/04/132531ef-28e7-40b8-af90-27fb77e4d39b.jpg\",\"productName\":\"giegie\",\"productNum\":0,\"typeId\":2,\"updateBy\":\"admin\",\"updateTime\":\"2023-03-04T11:09:14.4+08:00\"}','{\"msg\":\"操作成功\",\"code\":200}',0,NULL,'2023-03-04 11:09:14'),(172,'出入库记录',1,'com.ruoyi.web.controller.system.TStockController.add()','POST',1,'admin',NULL,'/ruoyi-vue-service/system/stock/add','127.0.0.1','内网IP','{\"createBy\":\"admin\",\"createTime\":\"2023-03-04T11:09:26.45+08:00\",\"id\":8,\"num\":121,\"params\":{},\"tableId\":7,\"type\":\"0\",\"updateBy\":\"admin\",\"updateTime\":\"2023-03-04T11:09:26.45+08:00\"}','{\"msg\":\"操作成功\",\"code\":200}',0,NULL,'2023-03-04 11:09:26'),(173,'购物车',1,'com.ruoyi.web.controller.system.TShoppingCartController.add()','POST',1,'user1',NULL,'/ruoyi-vue-service/system/shoppingCart/add','127.0.0.1','内网IP','{\"num\":123123,\"params\":{},\"tableId\":7,\"userId\":100}',NULL,1,'库存数量不足','2023-03-04 11:16:32'),(174,'购物车',1,'com.ruoyi.web.controller.system.TShoppingCartController.add()','POST',1,'user1',NULL,'/ruoyi-vue-service/system/shoppingCart/add','127.0.0.1','内网IP','{\"num\":123,\"params\":{},\"tableId\":7,\"userId\":100}',NULL,1,'库存数量不足','2023-03-04 11:25:01'),(175,'购物车',1,'com.ruoyi.web.controller.system.TShoppingCartController.add()','POST',1,'user1',NULL,'/ruoyi-vue-service/system/shoppingCart/add','127.0.0.1','内网IP','{\"createBy\":\"user1\",\"createTime\":\"2023-03-04T11:25:06.055+08:00\",\"id\":10,\"num\":12,\"params\":{},\"price\":1332.00,\"tableId\":7,\"updateBy\":\"user1\",\"updateTime\":\"2023-03-04T11:25:06.055+08:00\",\"userId\":100}','{\"msg\":\"操作成功\",\"code\":200}',0,NULL,'2023-03-04 11:25:06'),(176,'购物车',1,'com.ruoyi.web.controller.system.TShoppingCartController.add()','POST',1,'user1',NULL,'/ruoyi-vue-service/system/shoppingCart/add','127.0.0.1','内网IP','{\"createBy\":\"user1\",\"createTime\":\"2023-03-04T11:25:10.162+08:00\",\"id\":11,\"num\":2,\"params\":{},\"price\":66.00,\"tableId\":6,\"updateBy\":\"user1\",\"updateTime\":\"2023-03-04T11:25:10.162+08:00\",\"userId\":100}','{\"msg\":\"操作成功\",\"code\":200}',0,NULL,'2023-03-04 11:25:10'),(177,'购物车',2,'com.ruoyi.web.controller.system.TShoppingCartController.settlement()','POST',1,'user1',NULL,'/ruoyi-vue-service/system/shoppingCart/settlement','127.0.0.1','内网IP','{\"ids\":\"11,10\",\"params\":{}}','{\"msg\":\"操作成功\",\"code\":200}',0,NULL,'2023-03-04 11:26:06'),(178,'购物车',1,'com.ruoyi.web.controller.system.TShoppingCartController.add()','POST',1,'gjd',NULL,'/ruoyi-vue-service/system/shoppingCart/add','127.0.0.1','内网IP','{\"createBy\":\"gjd\",\"createTime\":\"2023-03-04T12:04:29.283+08:00\",\"id\":12,\"num\":12,\"params\":{},\"price\":1332.00,\"tableId\":7,\"updateBy\":\"gjd\",\"updateTime\":\"2023-03-04T12:04:29.283+08:00\",\"userId\":101}','{\"msg\":\"操作成功\",\"code\":200}',0,NULL,'2023-03-04 12:04:29'),(179,'购物车',1,'com.ruoyi.web.controller.system.TShoppingCartController.add()','POST',1,'gjd',NULL,'/ruoyi-vue-service/system/shoppingCart/add','127.0.0.1','内网IP','{\"createBy\":\"gjd\",\"createTime\":\"2023-03-04T12:04:55.388+08:00\",\"id\":13,\"num\":33,\"params\":{},\"price\":1089.00,\"tableId\":6,\"updateBy\":\"gjd\",\"updateTime\":\"2023-03-04T12:04:55.388+08:00\",\"userId\":101}','{\"msg\":\"操作成功\",\"code\":200}',0,NULL,'2023-03-04 12:04:55'),(180,'购物车',1,'com.ruoyi.web.controller.system.TShoppingCartController.add()','POST',1,'gjd',NULL,'/ruoyi-vue-service/system/shoppingCart/add','127.0.0.1','内网IP','{\"num\":223,\"params\":{},\"tableId\":7,\"userId\":101}',NULL,1,'库存数量不足','2023-03-04 12:05:32'),(181,'购物车',1,'com.ruoyi.web.controller.system.TShoppingCartController.add()','POST',1,'gjd',NULL,'/ruoyi-vue-service/system/shoppingCart/add','127.0.0.1','内网IP','{\"createBy\":\"gjd\",\"createTime\":\"2023-03-04T13:44:00.09+08:00\",\"id\":14,\"num\":12,\"params\":{},\"price\":396.00,\"tableId\":6,\"updateBy\":\"gjd\",\"updateTime\":\"2023-03-04T13:44:00.09+08:00\",\"userId\":101}','{\"msg\":\"操作成功\",\"code\":200}',0,NULL,'2023-03-04 13:44:00'),(182,'购物车',2,'com.ruoyi.web.controller.system.TShoppingCartController.settlement()','POST',1,'gjd',NULL,'/ruoyi-vue-service/system/shoppingCart/settlement','127.0.0.1','内网IP','{\"ids\":\"14,13,12\",\"params\":{}}','{\"msg\":\"操作成功\",\"code\":200}',0,NULL,'2023-03-04 13:44:06'),(183,'用户头像',2,'com.ruoyi.web.controller.system.SysProfileController.avatar()','POST',1,'admin',NULL,'/ruoyi-vue-service/system/user/profile/avatar','127.0.0.1','内网IP','','{\"msg\":\"操作成功\",\"imgUrl\":\"/profile/avatar/2023/03/04/00cf1b26-3137-4725-9135-83c7210e074d.jpeg\",\"code\":200}',0,NULL,'2023-03-04 13:45:41'),(184,'购物车',1,'com.ruoyi.web.controller.system.TShoppingCartController.add()','POST',1,'gjd',NULL,'/ruoyi-vue-service/system/shoppingCart/add','127.0.0.1','内网IP','{\"num\":225,\"params\":{},\"tableId\":3,\"userId\":101}',NULL,1,'库存数量不足','2023-03-04 13:52:42'),(185,'购物车',1,'com.ruoyi.web.controller.system.TShoppingCartController.add()','POST',1,'gjd',NULL,'/ruoyi-vue-service/system/shoppingCart/add','127.0.0.1','内网IP','{\"num\":12,\"params\":{},\"tableId\":3,\"userId\":101}',NULL,1,'库存数量不足','2023-03-04 13:52:46'),(186,'购物车',1,'com.ruoyi.web.controller.system.TShoppingCartController.add()','POST',1,'gjd',NULL,'/ruoyi-vue-service/system/shoppingCart/add','127.0.0.1','内网IP','{\"createBy\":\"gjd\",\"createTime\":\"2023-03-04T13:52:51.97+08:00\",\"id\":15,\"num\":6,\"params\":{},\"price\":132.00,\"tableId\":3,\"updateBy\":\"gjd\",\"updateTime\":\"2023-03-04T13:52:51.97+08:00\",\"userId\":101}','{\"msg\":\"操作成功\",\"code\":200}',0,NULL,'2023-03-04 13:52:52'),(187,'购物车',2,'com.ruoyi.web.controller.system.TShoppingCartController.settlement()','POST',1,'gjd',NULL,'/ruoyi-vue-service/system/shoppingCart/settlement','127.0.0.1','内网IP','{\"ids\":\"15\",\"params\":{}}','{\"msg\":\"操作成功\",\"code\":200}',0,NULL,'2023-03-04 13:52:58'),(188,'购物车',1,'com.ruoyi.web.controller.system.TShoppingCartController.add()','POST',1,'gjd',NULL,'/ruoyi-vue-service/system/shoppingCart/add','127.0.0.1','内网IP','{\"createBy\":\"gjd\",\"createTime\":\"2023-03-04T13:53:19.778+08:00\",\"id\":16,\"num\":12,\"params\":{},\"price\":396.00,\"tableId\":6,\"updateBy\":\"gjd\",\"updateTime\":\"2023-03-04T13:53:19.778+08:00\",\"userId\":101}','{\"msg\":\"操作成功\",\"code\":200}',0,NULL,'2023-03-04 13:53:19'),(189,'购物车',2,'com.ruoyi.web.controller.system.TShoppingCartController.settlement()','POST',1,'gjd',NULL,'/ruoyi-vue-service/system/shoppingCart/settlement','127.0.0.1','内网IP','{\"ids\":\"16\",\"params\":{}}','{\"msg\":\"操作成功\",\"code\":200}',0,NULL,'2023-03-04 13:53:29'),(190,'商品信息',1,'com.ruoyi.web.controller.system.TProductController.add()','POST',1,'admin',NULL,'/ruoyi-vue-service/system/product/add','127.0.0.1','内网IP','{\"createBy\":\"admin\",\"createTime\":\"2023-03-04T13:55:54.029+08:00\",\"id\":8,\"params\":{},\"price\":1212,\"productDetails\":\"1212\",\"productImg\":\"/profile/upload/2023/03/04/539b018c-ec8e-4d09-98d5-bb65bbb3e7f0.jpg\",\"productName\":\"12312\",\"productNum\":0,\"typeId\":2,\"updateBy\":\"admin\",\"updateTime\":\"2023-03-04T13:55:54.029+08:00\"}','{\"msg\":\"操作成功\",\"code\":200}',0,NULL,'2023-03-04 13:55:54'),(191,'商品信息',1,'com.ruoyi.web.controller.system.TProductController.add()','POST',1,'admin',NULL,'/ruoyi-vue-service/system/product/add','127.0.0.1','内网IP','{\"createBy\":\"admin\",\"createTime\":\"2023-03-04T13:56:18.942+08:00\",\"id\":9,\"params\":{},\"price\":12,\"productDetails\":\"1212\",\"productImg\":\"/profile/upload/2023/03/04/59d40d07-e3a0-4b08-8b69-7f27e8b5458e.jpg\",\"productName\":\"及哈哈\",\"productNum\":0,\"typeId\":3,\"updateBy\":\"admin\",\"updateTime\":\"2023-03-04T13:56:18.942+08:00\"}','{\"msg\":\"操作成功\",\"code\":200}',0,NULL,'2023-03-04 13:56:18'),(192,'商品信息',1,'com.ruoyi.web.controller.system.TProductController.add()','POST',1,'admin',NULL,'/ruoyi-vue-service/system/product/add','127.0.0.1','内网IP','{\"createBy\":\"admin\",\"createTime\":\"2023-03-04T13:56:35.567+08:00\",\"id\":10,\"params\":{},\"price\":112,\"productDetails\":\"21212\",\"productImg\":\"/profile/upload/2023/03/04/f9a97ac9-84fb-4e07-95f0-c561b1366b7f.jpg\",\"productName\":\"1212\",\"productNum\":0,\"typeId\":3,\"updateBy\":\"admin\",\"updateTime\":\"2023-03-04T13:56:35.567+08:00\"}','{\"msg\":\"操作成功\",\"code\":200}',0,NULL,'2023-03-04 13:56:35'),(193,'商品信息',1,'com.ruoyi.web.controller.system.TProductController.add()','POST',1,'admin',NULL,'/ruoyi-vue-service/system/product/add','127.0.0.1','内网IP','{\"createBy\":\"admin\",\"createTime\":\"2023-03-04T13:57:10.988+08:00\",\"id\":11,\"params\":{},\"price\":123,\"productDetails\":\"1231\",\"productImg\":\"/profile/upload/2023/03/04/84de7680-2868-44c6-8982-1fab60128423.png\",\"productName\":\"1213\",\"productNum\":0,\"typeId\":2,\"updateBy\":\"admin\",\"updateTime\":\"2023-03-04T13:57:10.988+08:00\"}','{\"msg\":\"操作成功\",\"code\":200}',0,NULL,'2023-03-04 13:57:11'),(194,'出入库记录',1,'com.ruoyi.web.controller.system.TStockController.add()','POST',1,'admin',NULL,'/ruoyi-vue-service/system/stock/add','127.0.0.1','内网IP','{\"createBy\":\"admin\",\"createTime\":\"2023-03-04T13:57:18.914+08:00\",\"id\":9,\"num\":1212,\"params\":{},\"tableId\":11,\"type\":\"0\",\"updateBy\":\"admin\",\"updateTime\":\"2023-03-04T13:57:18.914+08:00\"}','{\"msg\":\"操作成功\",\"code\":200}',0,NULL,'2023-03-04 13:57:18'),(195,'出入库记录',1,'com.ruoyi.web.controller.system.TStockController.add()','POST',1,'admin',NULL,'/ruoyi-vue-service/system/stock/add','127.0.0.1','内网IP','{\"createBy\":\"admin\",\"createTime\":\"2023-03-04T13:57:25.943+08:00\",\"id\":10,\"num\":1212,\"params\":{},\"tableId\":9,\"type\":\"0\",\"updateBy\":\"admin\",\"updateTime\":\"2023-03-04T13:57:25.943+08:00\"}','{\"msg\":\"操作成功\",\"code\":200}',0,NULL,'2023-03-04 13:57:25'),(196,'出入库记录',1,'com.ruoyi.web.controller.system.TStockController.add()','POST',1,'admin',NULL,'/ruoyi-vue-service/system/stock/add','127.0.0.1','内网IP','{\"createBy\":\"admin\",\"createTime\":\"2023-03-04T13:57:31.697+08:00\",\"id\":11,\"num\":11,\"params\":{},\"tableId\":10,\"type\":\"0\",\"updateBy\":\"admin\",\"updateTime\":\"2023-03-04T13:57:31.697+08:00\"}','{\"msg\":\"操作成功\",\"code\":200}',0,NULL,'2023-03-04 13:57:31'),(197,'购物车',1,'com.ruoyi.web.controller.system.TShoppingCartController.add()','POST',1,'gjd',NULL,'/ruoyi-vue-service/system/shoppingCart/add','127.0.0.1','内网IP','{\"createBy\":\"gjd\",\"createTime\":\"2023-03-04T13:58:15.084+08:00\",\"id\":17,\"num\":12,\"params\":{},\"price\":60.00,\"tableId\":5,\"updateBy\":\"gjd\",\"updateTime\":\"2023-03-04T13:58:15.084+08:00\",\"userId\":101}','{\"msg\":\"操作成功\",\"code\":200}',0,NULL,'2023-03-04 13:58:15'),(198,'购物车',1,'com.ruoyi.web.controller.system.TShoppingCartController.add()','POST',1,'gjd',NULL,'/ruoyi-vue-service/system/shoppingCart/add','127.0.0.1','内网IP','{\"createBy\":\"gjd\",\"createTime\":\"2023-03-04T13:58:45.292+08:00\",\"id\":18,\"num\":123,\"params\":{},\"price\":1476.00,\"tableId\":9,\"updateBy\":\"gjd\",\"updateTime\":\"2023-03-04T13:58:45.292+08:00\",\"userId\":101}','{\"msg\":\"操作成功\",\"code\":200}',0,NULL,'2023-03-04 13:58:45'),(199,'购物车',2,'com.ruoyi.web.controller.system.TShoppingCartController.settlement()','POST',1,'gjd',NULL,'/ruoyi-vue-service/system/shoppingCart/settlement','127.0.0.1','内网IP','{\"ids\":\"18,17\",\"params\":{}}','{\"msg\":\"操作成功\",\"code\":200}',0,NULL,'2023-03-04 13:58:52'),(200,'购物车',1,'com.ruoyi.web.controller.system.TShoppingCartController.add()','POST',1,'gjd',NULL,'/ruoyi-vue-service/system/shoppingCart/add','127.0.0.1','内网IP','{\"createBy\":\"gjd\",\"createTime\":\"2023-03-04T14:00:00.952+08:00\",\"id\":19,\"num\":1200,\"params\":{},\"price\":147600.00,\"tableId\":11,\"updateBy\":\"gjd\",\"updateTime\":\"2023-03-04T14:00:00.952+08:00\",\"userId\":101}','{\"msg\":\"操作成功\",\"code\":200}',0,NULL,'2023-03-04 14:00:00'),(201,'购物车',2,'com.ruoyi.web.controller.system.TShoppingCartController.settlement()','POST',1,'gjd',NULL,'/ruoyi-vue-service/system/shoppingCart/settlement','127.0.0.1','内网IP','{\"ids\":\"19\",\"params\":{}}','{\"msg\":\"操作成功\",\"code\":200}',0,NULL,'2023-03-04 14:00:06'),(202,'购物车',1,'com.ruoyi.web.controller.system.TShoppingCartController.add()','POST',1,'gjd123',NULL,'/ruoyi-vue-service/system/shoppingCart/add','127.0.0.1','内网IP','{\"createBy\":\"gjd123\",\"createTime\":\"2023-03-04T14:00:44.475+08:00\",\"id\":20,\"num\":1,\"params\":{},\"price\":123.00,\"tableId\":11,\"updateBy\":\"gjd123\",\"updateTime\":\"2023-03-04T14:00:44.475+08:00\",\"userId\":104}','{\"msg\":\"操作成功\",\"code\":200}',0,NULL,'2023-03-04 14:00:44'),(203,'购物车',2,'com.ruoyi.web.controller.system.TShoppingCartController.settlement()','POST',1,'gjd123',NULL,'/ruoyi-vue-service/system/shoppingCart/settlement','127.0.0.1','内网IP','{\"ids\":\"20\",\"params\":{}}','{\"msg\":\"操作成功\",\"code\":200}',0,NULL,'2023-03-04 14:00:56'),(204,'购物车',1,'com.ruoyi.web.controller.system.TShoppingCartController.add()','POST',1,'gjd123',NULL,'/ruoyi-vue-service/system/shoppingCart/add','127.0.0.1','内网IP','{\"createBy\":\"gjd123\",\"createTime\":\"2023-03-04T14:01:23.415+08:00\",\"id\":21,\"num\":11,\"params\":{},\"price\":1221.00,\"tableId\":7,\"updateBy\":\"gjd123\",\"updateTime\":\"2023-03-04T14:01:23.415+08:00\",\"userId\":104}','{\"msg\":\"操作成功\",\"code\":200}',0,NULL,'2023-03-04 14:01:23'),(205,'购物车',1,'com.ruoyi.web.controller.system.TShoppingCartController.add()','POST',1,'gjd123',NULL,'/ruoyi-vue-service/system/shoppingCart/add','127.0.0.1','内网IP','{\"createBy\":\"gjd123\",\"createTime\":\"2023-03-04T14:01:41.939+08:00\",\"id\":22,\"num\":1,\"params\":{},\"price\":123.00,\"tableId\":4,\"updateBy\":\"gjd123\",\"updateTime\":\"2023-03-04T14:01:41.939+08:00\",\"userId\":104}','{\"msg\":\"操作成功\",\"code\":200}',0,NULL,'2023-03-04 14:01:41'),(206,'购物车',2,'com.ruoyi.web.controller.system.TShoppingCartController.settlement()','POST',1,'gjd123',NULL,'/ruoyi-vue-service/system/shoppingCart/settlement','127.0.0.1','内网IP','{\"ids\":\"22,21\",\"params\":{}}','{\"msg\":\"操作成功\",\"code\":200}',0,NULL,'2023-03-04 14:02:05'),(207,'用户头像',2,'com.ruoyi.web.controller.system.SysProfileController.avatar()','POST',1,'gjd123',NULL,'/ruoyi-vue-service/system/user/profile/avatar','127.0.0.1','内网IP','','{\"msg\":\"操作成功\",\"imgUrl\":\"/profile/avatar/2023/03/04/328135e5-54e4-4956-ae03-2cf7ede927d5.jpeg\",\"code\":200}',0,NULL,'2023-03-04 14:12:02'),(208,'用户管理',2,'com.ruoyi.web.controller.system.SysUserController.edit()','POST',1,'admin',NULL,'/ruoyi-vue-service/system/user/edit','127.0.0.1','内网IP','{\"admin\":false,\"avatar\":\"\",\"createBy\":\"\",\"createTime\":\"2023-03-04 11:06:43\",\"delFlag\":\"0\",\"email\":\"\",\"loginDate\":\"2023-03-04 11:06:56\",\"loginIp\":\"127.0.0.1\",\"nickName\":\"gjd22\",\"params\":{},\"phonenumber\":\"15665231234\",\"postIds\":[],\"roleIds\":[2],\"roles\":[{\"admin\":false,\"dataScope\":\"2\",\"deptCheckStrictly\":false,\"flag\":false,\"menuCheckStrictly\":false,\"params\":{},\"roleId\":2,\"roleKey\":\"common\",\"roleName\":\"普通角色\",\"roleSort\":\"2\",\"status\":\"0\"}],\"sex\":\"0\",\"status\":\"0\",\"updateBy\":\"admin\",\"updateTime\":\"2023-03-04T16:07:37.57+08:00\",\"userId\":103,\"userName\":\"gjd22\"}','{\"msg\":\"操作成功\",\"code\":200}',0,NULL,'2023-03-04 16:07:37'),(209,'购物车',3,'com.ruoyi.web.controller.system.TShoppingCartController.remove()','GET',1,'admin',NULL,'/ruoyi-vue-service/system/shoppingCart/remove/22','127.0.0.1','内网IP','{ids=22}','{\"msg\":\"操作成功\",\"code\":200}',0,NULL,'2023-03-04 16:10:23'),(210,'个人信息',2,'com.ruoyi.web.controller.system.SysProfileController.updateProfile()','POST',1,'admin',NULL,'/ruoyi-vue-service/system/user/profile/edit','127.0.0.1','内网IP','{\"admin\":true,\"createBy\":\"admin\",\"createTime\":\"2023-02-03 14:06:47\",\"delFlag\":\"0\",\"dept\":{\"ancestors\":\"0,100,101\",\"children\":[],\"deptId\":103,\"deptName\":\"研发部门\",\"leader\":\"若依\",\"orderNum\":1,\"params\":{\"@type\":\"java.util.HashMap\"},\"parentId\":101,\"status\":\"0\"},\"email\":\"ry@163.com\",\"loginDate\":\"2023-03-04 16:34:16\",\"loginIp\":\"127.0.0.1\",\"nickName\":\"若依\",\"params\":{\"@type\":\"java.util.HashMap\"},\"phonenumber\":\"15888888888\",\"remark\":\"管理员\",\"roles\":[{\"admin\":true,\"dataScope\":\"1\",\"deptCheckStrictly\":false,\"flag\":false,\"menuCheckStrictly\":false,\"params\":{\"@type\":\"java.util.HashMap\"},\"roleId\":1,\"roleKey\":\"admin\",\"roleName\":\"超级管理员\",\"roleSort\":\"1\",\"status\":\"0\"}],\"sex\":\"1\",\"status\":\"0\",\"updateBy\":\"admin\",\"updateTime\":\"2023-03-04T16:52:19.901+08:00\",\"userId\":1,\"userName\":\"admin\"}','{\"msg\":\"操作成功\",\"code\":200}',0,NULL,'2023-03-04 16:52:19'),(211,'个人信息',2,'com.ruoyi.web.controller.system.SysProfileController.updateProfile()','POST',1,'user1',NULL,'/ruoyi-vue-service/system/user/profile/edit','127.0.0.1','内网IP','{\"admin\":false,\"createBy\":\"\",\"createTime\":\"2023-02-04 12:42:51\",\"delFlag\":\"0\",\"email\":\"10@qq.com\",\"loginDate\":\"2023-03-04 16:54:58\",\"loginIp\":\"127.0.0.1\",\"nickName\":\"user1\",\"params\":{\"@type\":\"java.util.HashMap\"},\"phonenumber\":\"15887298644\",\"roles\":[{\"admin\":false,\"dataScope\":\"2\",\"deptCheckStrictly\":false,\"flag\":false,\"menuCheckStrictly\":false,\"params\":{\"@type\":\"java.util.HashMap\"},\"roleId\":2,\"roleKey\":\"common\",\"roleName\":\"普通角色\",\"roleSort\":\"2\",\"status\":\"0\"}],\"sex\":\"0\",\"status\":\"0\",\"updateBy\":\"user1\",\"updateTime\":\"2023-03-04T16:57:02.532+08:00\",\"userId\":100,\"userName\":\"user1\"}','{\"msg\":\"操作成功\",\"code\":200}',0,NULL,'2023-03-04 16:57:02'),(212,'菜单管理',1,'com.ruoyi.web.controller.system.SysMenuController.add()','POST',1,'admin',NULL,'/ruoyi-vue-service/system/menu/add','127.0.0.1','内网IP','{\"children\":[],\"component\":\"/index\",\"createBy\":\"admin\",\"isCache\":\"0\",\"isFrame\":\"1\",\"menuName\":\"首页\",\"menuType\":\"C\",\"orderNum\":0,\"params\":{},\"parentId\":0,\"path\":\"index\",\"status\":\"0\",\"visible\":\"0\"}','{\"msg\":\"操作成功\",\"code\":200}',0,NULL,'2023-03-04 17:02:01'),(213,'菜单管理',2,'com.ruoyi.web.controller.system.SysMenuController.edit()','POST',1,'admin',NULL,'/ruoyi-vue-service/system/menu/edit','127.0.0.1','内网IP','{\"children\":[],\"component\":\"index\",\"createTime\":\"2023-03-04 17:02:01\",\"icon\":\"#\",\"isCache\":\"0\",\"isFrame\":\"1\",\"menuId\":2037,\"menuName\":\"首页\",\"menuType\":\"C\",\"orderNum\":0,\"params\":{},\"parentId\":0,\"path\":\"index\",\"perms\":\"\",\"status\":\"0\",\"updateBy\":\"admin\",\"visible\":\"0\"}','{\"msg\":\"操作成功\",\"code\":200}',0,NULL,'2023-03-04 17:03:11'),(214,'角色管理',2,'com.ruoyi.web.controller.system.SysRoleController.edit()','POST',1,'admin',NULL,'/ruoyi-vue-service/system/role/edit','127.0.0.1','内网IP','{\"admin\":false,\"createTime\":\"2023-02-03 14:06:47\",\"dataScope\":\"2\",\"delFlag\":\"0\",\"deptCheckStrictly\":true,\"flag\":false,\"menuCheckStrictly\":true,\"menuIds\":[2037,2036,2024,2025,2026,2027,2028,2029,2030,2031,2032,2033,2034,2035],\"params\":{},\"remark\":\"普通角色\",\"roleId\":2,\"roleKey\":\"common\",\"roleName\":\"普通角色\",\"roleSort\":\"2\",\"status\":\"0\",\"updateBy\":\"admin\"}','{\"msg\":\"操作成功\",\"code\":200}',0,NULL,'2023-03-04 17:04:10'),(215,'个人信息',2,'com.ruoyi.web.controller.system.SysProfileController.updateProfile()','POST',1,'gjd',NULL,'/ruoyi-vue-service/system/user/profile/edit','127.0.0.1','内网IP','{\"admin\":false,\"createBy\":\"\",\"createTime\":\"2023-03-04 10:22:49\",\"delFlag\":\"0\",\"email\":\"1536@qq.com\",\"loginDate\":\"2023-03-04 17:29:28\",\"loginIp\":\"127.0.0.1\",\"nickName\":\"gjd\",\"params\":{\"@type\":\"java.util.HashMap\"},\"phonenumber\":\"18635621234\",\"roles\":[{\"admin\":false,\"dataScope\":\"2\",\"deptCheckStrictly\":false,\"flag\":false,\"menuCheckStrictly\":false,\"params\":{\"@type\":\"java.util.HashMap\"},\"roleId\":2,\"roleKey\":\"common\",\"roleName\":\"普通角色\",\"roleSort\":\"2\",\"status\":\"0\"}],\"sex\":\"0\",\"status\":\"0\",\"updateBy\":\"gjd\",\"updateTime\":\"2023-03-04T17:30:30.267+08:00\",\"userId\":101,\"userName\":\"gjd\"}','{\"msg\":\"操作成功\",\"code\":200}',0,NULL,'2023-03-04 17:30:30'),(216,'购物车',1,'com.ruoyi.web.controller.system.TShoppingCartController.add()','POST',1,'gjd',NULL,'/ruoyi-vue-service/system/shoppingCart/add','127.0.0.1','内网IP','{\"createBy\":\"gjd\",\"createTime\":\"2023-03-04T17:56:35.746+08:00\",\"id\":23,\"num\":11,\"params\":{},\"price\":1353.00,\"tableId\":11,\"updateBy\":\"gjd\",\"updateTime\":\"2023-03-04T17:56:35.746+08:00\",\"userId\":101}','{\"msg\":\"操作成功\",\"code\":200}',0,NULL,'2023-03-04 17:56:35'),(217,'购物车',2,'com.ruoyi.web.controller.system.TShoppingCartController.settlement()','POST',1,'gjd',NULL,'/ruoyi-vue-service/system/shoppingCart/settlement','127.0.0.1','内网IP','{\"ids\":\"23\",\"params\":{}}','{\"msg\":\"操作成功\",\"code\":200}',0,NULL,'2023-03-04 17:56:43'),(218,'购物车',1,'com.ruoyi.web.controller.system.TShoppingCartController.add()','POST',1,'gjd',NULL,'/ruoyi-vue-service/system/shoppingCart/add','127.0.0.1','内网IP','{\"num\":1,\"params\":{},\"tableId\":8,\"userId\":101}',NULL,1,'库存数量不足','2023-03-25 14:07:49'),(219,'购物车',1,'com.ruoyi.web.controller.system.TShoppingCartController.add()','POST',1,'gjd',NULL,'/ruoyi-vue-service/system/shoppingCart/add','127.0.0.1','内网IP','{\"createBy\":\"gjd\",\"createTime\":\"2023-03-25T14:07:54.282+08:00\",\"id\":24,\"num\":11,\"params\":{},\"price\":132.00,\"tableId\":9,\"updateBy\":\"gjd\",\"updateTime\":\"2023-03-25T14:07:54.282+08:00\",\"userId\":101}','{\"msg\":\"操作成功\",\"code\":200}',0,NULL,'2023-03-25 14:07:54'),(220,'购物车',2,'com.ruoyi.web.controller.system.TShoppingCartController.settlement()','POST',1,'gjd',NULL,'/ruoyi-vue-service/system/shoppingCart/settlement','127.0.0.1','内网IP','{\"ids\":\"24\",\"params\":{}}','{\"msg\":\"操作成功\",\"code\":200}',0,NULL,'2023-03-25 14:11:41'),(221,'购物车',1,'com.ruoyi.web.controller.system.TShoppingCartController.add()','POST',1,'gjd',NULL,'/ruoyi-vue-service/system/shoppingCart/add','127.0.0.1','内网IP','{\"createBy\":\"gjd\",\"createTime\":\"2023-03-30T19:11:10.038+08:00\",\"id\":25,\"num\":1,\"params\":{},\"price\":111.00,\"tableId\":7,\"updateBy\":\"gjd\",\"updateTime\":\"2023-03-30T19:11:10.038+08:00\",\"userId\":101}','{\"msg\":\"操作成功\",\"code\":200}',0,NULL,'2023-03-30 19:11:10'),(222,'购物车',1,'com.ruoyi.web.controller.system.TShoppingCartController.add()','POST',1,'gjd',NULL,'/ruoyi-vue-service/system/shoppingCart/add','127.0.0.1','内网IP','{\"createBy\":\"gjd\",\"createTime\":\"2023-03-30T19:11:14.34+08:00\",\"id\":26,\"num\":2,\"params\":{},\"price\":66.00,\"tableId\":6,\"updateBy\":\"gjd\",\"updateTime\":\"2023-03-30T19:11:14.34+08:00\",\"userId\":101}','{\"msg\":\"操作成功\",\"code\":200}',0,NULL,'2023-03-30 19:11:14'),(223,'购物车',3,'com.ruoyi.web.controller.system.TShoppingCartController.remove()','GET',1,'gjd',NULL,'/ruoyi-vue-service/system/shoppingCart/remove/25','127.0.0.1','内网IP','{ids=25}','{\"msg\":\"操作成功\",\"code\":200}',0,NULL,'2023-03-30 20:49:08'),(224,'购物车',1,'com.ruoyi.web.controller.system.TShoppingCartController.add()','POST',1,'gjd',NULL,'/ruoyi-vue-service/system/shoppingCart/add','127.0.0.1','内网IP','{\"createBy\":\"gjd\",\"createTime\":\"2023-04-07T08:43:48.706+08:00\",\"id\":27,\"num\":1,\"params\":{},\"price\":12.00,\"tableId\":9,\"updateBy\":\"gjd\",\"updateTime\":\"2023-04-07T08:43:48.706+08:00\",\"userId\":101}','{\"msg\":\"操作成功\",\"code\":200}',0,NULL,'2023-04-07 08:43:48'),(225,'购物车',1,'com.ruoyi.web.controller.system.TShoppingCartController.add()','POST',1,'gjd',NULL,'/ruoyi-vue-service/system/shoppingCart/add','127.0.0.1','内网IP','{\"createBy\":\"gjd\",\"createTime\":\"2023-04-07T08:43:50.925+08:00\",\"id\":28,\"num\":1,\"params\":{},\"price\":12.00,\"tableId\":9,\"updateBy\":\"gjd\",\"updateTime\":\"2023-04-07T08:43:50.925+08:00\",\"userId\":101}','{\"msg\":\"操作成功\",\"code\":200}',0,NULL,'2023-04-07 08:43:50'),(226,'购物车',1,'com.ruoyi.web.controller.system.TShoppingCartController.add()','POST',1,'gjd',NULL,'/ruoyi-vue-service/system/shoppingCart/add','127.0.0.1','内网IP','{\"createBy\":\"gjd\",\"createTime\":\"2023-04-07T08:47:13.034+08:00\",\"id\":29,\"num\":1,\"params\":{},\"price\":55.00,\"tableId\":2,\"updateBy\":\"gjd\",\"updateTime\":\"2023-04-07T08:47:13.034+08:00\",\"userId\":101}','{\"msg\":\"操作成功\",\"code\":200}',0,NULL,'2023-04-07 08:47:13'),(227,'购物车',3,'com.ruoyi.web.controller.system.TShoppingCartController.remove()','GET',1,'gjd',NULL,'/ruoyi-vue-service/system/shoppingCart/remove/29','127.0.0.1','内网IP','{ids=29}','{\"msg\":\"操作成功\",\"code\":200}',0,NULL,'2023-04-07 10:24:37'),(228,'购物车',3,'com.ruoyi.web.controller.system.TShoppingCartController.remove()','GET',1,'gjd',NULL,'/ruoyi-vue-service/system/shoppingCart/remove/26','127.0.0.1','内网IP','{ids=26}','{\"msg\":\"操作成功\",\"code\":200}',0,NULL,'2023-04-07 10:24:47'),(229,'购物车',1,'com.ruoyi.web.controller.system.TShoppingCartController.add()','POST',1,'gjd',NULL,'/ruoyi-vue-service/system/shoppingCart/add','127.0.0.1','内网IP','{\"createBy\":\"gjd\",\"createTime\":\"2023-04-07T10:29:34.573+08:00\",\"id\":30,\"num\":1,\"params\":{},\"price\":33.00,\"tableId\":6,\"updateBy\":\"gjd\",\"updateTime\":\"2023-04-07T10:29:34.573+08:00\",\"userId\":101}','{\"msg\":\"操作成功\",\"code\":200}',0,NULL,'2023-04-07 10:29:34'),(230,'购物车',1,'com.ruoyi.web.controller.system.TShoppingCartController.add()','POST',1,'gjd',NULL,'/ruoyi-vue-service/system/shoppingCart/add','127.0.0.1','内网IP','{\"createBy\":\"gjd\",\"createTime\":\"2023-04-07T10:29:36.836+08:00\",\"id\":31,\"num\":1,\"params\":{},\"price\":33.00,\"tableId\":6,\"updateBy\":\"gjd\",\"updateTime\":\"2023-04-07T10:29:36.836+08:00\",\"userId\":101}','{\"msg\":\"操作成功\",\"code\":200}',0,NULL,'2023-04-07 10:29:36'),(231,'购物车',1,'com.ruoyi.web.controller.system.TShoppingCartController.add()','POST',1,'gjd',NULL,'/ruoyi-vue-service/system/shoppingCart/add','127.0.0.1','内网IP','{\"createBy\":\"gjd\",\"createTime\":\"2023-04-07T10:29:38.729+08:00\",\"id\":32,\"num\":1,\"params\":{},\"price\":33.00,\"tableId\":6,\"updateBy\":\"gjd\",\"updateTime\":\"2023-04-07T10:29:38.729+08:00\",\"userId\":101}','{\"msg\":\"操作成功\",\"code\":200}',0,NULL,'2023-04-07 10:29:38'),(232,'购物车',1,'com.ruoyi.web.controller.system.TShoppingCartController.add()','POST',1,'gjd',NULL,'/ruoyi-vue-service/system/shoppingCart/add','127.0.0.1','内网IP','{\"createBy\":\"gjd\",\"createTime\":\"2023-04-07T10:29:40.835+08:00\",\"id\":33,\"num\":1,\"params\":{},\"price\":33.00,\"tableId\":6,\"updateBy\":\"gjd\",\"updateTime\":\"2023-04-07T10:29:40.835+08:00\",\"userId\":101}','{\"msg\":\"操作成功\",\"code\":200}',0,NULL,'2023-04-07 10:29:40'),(233,'购物车',3,'com.ruoyi.web.controller.system.TShoppingCartController.remove()','GET',1,'gjd',NULL,'/ruoyi-vue-service/system/shoppingCart/remove/33','127.0.0.1','内网IP','{ids=33}','{\"msg\":\"操作成功\",\"code\":200}',0,NULL,'2023-04-07 10:50:41'),(234,'购物车',3,'com.ruoyi.web.controller.system.TShoppingCartController.remove()','GET',1,'gjd',NULL,'/ruoyi-vue-service/system/shoppingCart/remove/32','127.0.0.1','内网IP','{ids=32}','{\"msg\":\"操作成功\",\"code\":200}',0,NULL,'2023-04-07 10:50:43'),(235,'购物车',3,'com.ruoyi.web.controller.system.TShoppingCartController.remove()','GET',1,'gjd',NULL,'/ruoyi-vue-service/system/shoppingCart/remove/31','127.0.0.1','内网IP','{ids=31}','{\"msg\":\"操作成功\",\"code\":200}',0,NULL,'2023-04-07 10:50:44'),(236,'购物车',2,'com.ruoyi.web.controller.system.TShoppingCartController.settlement()','POST',1,'gjd',NULL,'/ruoyi-vue-service/system/shoppingCart/settlement','127.0.0.1','内网IP','{\"ids\":\"30\",\"params\":{}}','{\"msg\":\"操作成功\",\"code\":200}',0,NULL,'2023-04-07 10:50:54'),(237,'类型管理',1,'com.ruoyi.web.controller.system.TTypeController.add()','POST',1,'admin',NULL,'/ruoyi-vue-service/system/type/add','127.0.0.1','内网IP','{\"createBy\":\"admin\",\"createTime\":\"2023-04-07T11:07:08.11+08:00\",\"id\":4,\"params\":{},\"typeName\":\"饮料\",\"updateBy\":\"admin\",\"updateTime\":\"2023-04-07T11:07:08.11+08:00\"}','{\"msg\":\"操作成功\",\"code\":200}',0,NULL,'2023-04-07 11:07:08'),(238,'类型管理',1,'com.ruoyi.web.controller.system.TTypeController.add()','POST',1,'admin',NULL,'/ruoyi-vue-service/system/type/add','127.0.0.1','内网IP','{\"createBy\":\"admin\",\"createTime\":\"2023-04-07T11:07:22.631+08:00\",\"id\":5,\"params\":{},\"typeName\":\"电子产品\",\"updateBy\":\"admin\",\"updateTime\":\"2023-04-07T11:07:22.631+08:00\"}','{\"msg\":\"操作成功\",\"code\":200}',0,NULL,'2023-04-07 11:07:22'),(239,'类型管理',1,'com.ruoyi.web.controller.system.TTypeController.add()','POST',1,'admin',NULL,'/ruoyi-vue-service/system/type/add','127.0.0.1','内网IP','{\"createBy\":\"admin\",\"createTime\":\"2023-04-07T11:07:33.19+08:00\",\"id\":6,\"params\":{},\"typeName\":\"膨化零食\",\"updateBy\":\"admin\",\"updateTime\":\"2023-04-07T11:07:33.19+08:00\"}','{\"msg\":\"操作成功\",\"code\":200}',0,NULL,'2023-04-07 11:07:33'),(240,'类型管理',1,'com.ruoyi.web.controller.system.TTypeController.add()','POST',1,'admin',NULL,'/ruoyi-vue-service/system/type/add','127.0.0.1','内网IP','{\"createBy\":\"admin\",\"createTime\":\"2023-04-07T11:08:39.676+08:00\",\"id\":7,\"params\":{},\"typeName\":\"洗护\",\"updateBy\":\"admin\",\"updateTime\":\"2023-04-07T11:08:39.676+08:00\"}','{\"msg\":\"操作成功\",\"code\":200}',0,NULL,'2023-04-07 11:08:39'),(241,'类型管理',1,'com.ruoyi.web.controller.system.TTypeController.add()','POST',1,'admin',NULL,'/ruoyi-vue-service/system/type/add','127.0.0.1','内网IP','{\"createBy\":\"admin\",\"createTime\":\"2023-04-07T11:09:29.024+08:00\",\"id\":8,\"params\":{},\"typeName\":\"运动球类\",\"updateBy\":\"admin\",\"updateTime\":\"2023-04-07T11:09:29.024+08:00\"}','{\"msg\":\"操作成功\",\"code\":200}',0,NULL,'2023-04-07 11:09:29'),(242,'类型管理',2,'com.ruoyi.web.controller.system.TTypeController.edit()','POST',1,'admin',NULL,'/ruoyi-vue-service/system/type/edit','127.0.0.1','内网IP','{\"createBy\":\"admin\",\"createTime\":\"2023-04-07 11:09:29\",\"id\":8,\"params\":{},\"typeName\":\"运动球类\",\"updateBy\":\"admin\",\"updateTime\":\"2023-04-07T11:09:46.792+08:00\"}','{\"msg\":\"操作成功\",\"code\":200}',0,NULL,'2023-04-07 11:09:46'),(243,'类型管理',2,'com.ruoyi.web.controller.system.TTypeController.edit()','POST',1,'admin',NULL,'/ruoyi-vue-service/system/type/edit','127.0.0.1','内网IP','{\"createBy\":\"admin\",\"createTime\":\"2023-02-03 14:41:27\",\"id\":1,\"params\":{},\"typeName\":\"手机\",\"updateBy\":\"admin\",\"updateTime\":\"2023-04-07T11:10:51.931+08:00\"}','{\"msg\":\"操作成功\",\"code\":200}',0,NULL,'2023-04-07 11:10:51'),(244,'类型管理',2,'com.ruoyi.web.controller.system.TTypeController.edit()','POST',1,'admin',NULL,'/ruoyi-vue-service/system/type/edit','127.0.0.1','内网IP','{\"createBy\":\"admin\",\"createTime\":\"2023-02-03 14:41:31\",\"id\":2,\"params\":{},\"typeName\":\"电脑\",\"updateBy\":\"admin\",\"updateTime\":\"2023-04-07T11:10:58.146+08:00\"}','{\"msg\":\"操作成功\",\"code\":200}',0,NULL,'2023-04-07 11:10:58'),(245,'类型管理',2,'com.ruoyi.web.controller.system.TTypeController.edit()','POST',1,'admin',NULL,'/ruoyi-vue-service/system/type/edit','127.0.0.1','内网IP','{\"createBy\":\"admin\",\"createTime\":\"2023-02-03 14:41:39\",\"id\":3,\"params\":{},\"typeName\":\"进口食品\",\"updateBy\":\"admin\",\"updateTime\":\"2023-04-07T11:12:41.492+08:00\"}','{\"msg\":\"操作成功\",\"code\":200}',0,NULL,'2023-04-07 11:12:41'),(246,'类型管理',2,'com.ruoyi.web.controller.system.TTypeController.edit()','POST',1,'admin',NULL,'/ruoyi-vue-service/system/type/edit','127.0.0.1','内网IP','{\"createBy\":\"admin\",\"createTime\":\"2023-04-07 11:07:08\",\"id\":4,\"params\":{},\"typeName\":\"食品饮料\",\"updateBy\":\"admin\",\"updateTime\":\"2023-04-07T11:13:43.659+08:00\"}','{\"msg\":\"操作成功\",\"code\":200}',0,NULL,'2023-04-07 11:13:43'),(247,'类型管理',2,'com.ruoyi.web.controller.system.TTypeController.edit()','POST',1,'admin',NULL,'/ruoyi-vue-service/system/type/edit','127.0.0.1','内网IP','{\"createBy\":\"admin\",\"createTime\":\"2023-04-07 11:07:23\",\"id\":5,\"params\":{},\"typeName\":\"粮油副食\",\"updateBy\":\"admin\",\"updateTime\":\"2023-04-07T11:13:56.681+08:00\"}','{\"msg\":\"操作成功\",\"code\":200}',0,NULL,'2023-04-07 11:13:56'),(248,'类型管理',2,'com.ruoyi.web.controller.system.TTypeController.edit()','POST',1,'admin',NULL,'/ruoyi-vue-service/system/type/edit','127.0.0.1','内网IP','{\"createBy\":\"admin\",\"createTime\":\"2023-04-07 11:07:33\",\"id\":6,\"params\":{},\"typeName\":\"美容洗护\",\"updateBy\":\"admin\",\"updateTime\":\"2023-04-07T11:14:07.734+08:00\"}','{\"msg\":\"操作成功\",\"code\":200}',0,NULL,'2023-04-07 11:14:07'),(249,'类型管理',2,'com.ruoyi.web.controller.system.TTypeController.edit()','POST',1,'admin',NULL,'/ruoyi-vue-service/system/type/edit','127.0.0.1','内网IP','{\"createBy\":\"admin\",\"createTime\":\"2023-04-07 11:08:40\",\"id\":7,\"params\":{},\"typeName\":\"家居家电\",\"updateBy\":\"admin\",\"updateTime\":\"2023-04-07T11:14:23.221+08:00\"}','{\"msg\":\"操作成功\",\"code\":200}',0,NULL,'2023-04-07 11:14:23'),(250,'类型管理',2,'com.ruoyi.web.controller.system.TTypeController.edit()','POST',1,'admin',NULL,'/ruoyi-vue-service/system/type/edit','127.0.0.1','内网IP','{\"createBy\":\"admin\",\"createTime\":\"2023-04-07 11:09:29\",\"id\":8,\"params\":{},\"typeName\":\"家庭清洁\",\"updateBy\":\"admin\",\"updateTime\":\"2023-04-07T11:14:32.087+08:00\"}','{\"msg\":\"操作成功\",\"code\":200}',0,NULL,'2023-04-07 11:14:32'),(251,'商品信息',2,'com.ruoyi.web.controller.system.TProductController.edit()','POST',1,'admin',NULL,'/ruoyi-vue-service/system/product/edit','127.0.0.1','内网IP','{\"createBy\":\"admin\",\"createTime\":\"2023-03-04 13:57:11\",\"id\":11,\"params\":{},\"price\":5999,\"productDetails\":\"<strong>神舟（HASEE）战神Z8D6 12代英特尔酷睿i7 15.6英寸游戏本 笔记本电脑(12代i7-12650H 16G 512G RTX4060 165Hz 2.5K电竞屏)</strong>\",\"productImg\":\"/profile/upload/2023/04/07/0cc057ff-207b-40d8-950c-2c1ba834847c.jpg\",\"productName\":\"战神Z8D6\",\"productNum\":0,\"typeId\":2,\"updateBy\":\"admin\",\"updateTime\":\"2023-04-07T11:17:22.109+08:00\"}','{\"msg\":\"操作成功\",\"code\":200}',0,NULL,'2023-04-07 11:17:22'),(252,'商品信息',1,'com.ruoyi.web.controller.system.TProductController.add()','POST',1,'admin',NULL,'/ruoyi-vue-service/system/product/add','127.0.0.1','内网IP','{\"createBy\":\"admin\",\"createTime\":\"2023-04-07T11:19:44.587+08:00\",\"id\":12,\"params\":{},\"price\":8588,\"productDetails\":\"<strong>联想 拯救者Y9000P 2023/22电竞游戏笔记本电脑 满血RTX4060/3060 旗舰酷睿i9 14核12900H 16G 512G 3060标配 16英寸专业电竞屏｜2.5K超清｜高刷新率</strong>\",\"productImg\":\"/profile/upload/2023/04/07/241c2ab0-95df-4119-8121-00afb3275811.png\",\"productName\":\"联想 拯救者Y9000P\",\"productNum\":0,\"typeId\":2,\"updateBy\":\"admin\",\"updateTime\":\"2023-04-07T11:19:44.587+08:00\"}','{\"msg\":\"操作成功\",\"code\":200}',0,NULL,'2023-04-07 11:19:44'),(253,'商品信息',2,'com.ruoyi.web.controller.system.TProductController.edit()','POST',1,'admin',NULL,'/ruoyi-vue-service/system/product/edit','127.0.0.1','内网IP','{\"createBy\":\"admin\",\"createTime\":\"2023-03-04 13:55:54\",\"id\":8,\"params\":{},\"price\":7199,\"productDetails\":\"<strong>AppleMacBookAir【教育优惠】13.3 8核M1芯片(7核图形处理器) 8G 256G SSD 深空灰 笔记本电脑 MGN63CH/A</strong>\",\"productImg\":\"/profile/upload/2023/04/07/e9dc4ce6-c977-4584-be8a-61cd17fc03e6.png\",\"productName\":\"AppleMacBookAir\",\"productNum\":0,\"typeId\":2,\"updateBy\":\"admin\",\"updateTime\":\"2023-04-07T11:22:12.852+08:00\"}','{\"msg\":\"操作成功\",\"code\":200}',0,NULL,'2023-04-07 11:22:12'),(254,'商品信息',2,'com.ruoyi.web.controller.system.TProductController.edit()','POST',1,'admin',NULL,'/ruoyi-vue-service/system/product/edit','127.0.0.1','内网IP','{\"createBy\":\"admin\",\"createTime\":\"2023-03-04 11:09:14\",\"id\":7,\"params\":{},\"price\":3399,\"productDetails\":\"<strong>&nbsp;华为笔记本电脑MateBook D 14 SE版 14英寸 11代酷睿 i5 8G+512G 轻薄本/高清护眼防眩光屏/手机互联 银</strong>\",\"productImg\":\"/profile/upload/2023/04/07/9a3fdcf4-4c36-46bb-bae2-fbb772ae106f.png\",\"productName\":\"华为笔记本电脑MateBook\",\"productNum\":86,\"typeId\":2,\"updateBy\":\"admin\",\"updateTime\":\"2023-04-07T11:23:33.675+08:00\"}','{\"msg\":\"操作成功\",\"code\":200}',0,NULL,'2023-04-07 11:23:33'),(255,'商品信息',2,'com.ruoyi.web.controller.system.TProductController.edit()','POST',1,'admin',NULL,'/ruoyi-vue-service/system/product/edit','127.0.0.1','内网IP','{\"createBy\":\"admin\",\"createTime\":\"2023-03-04 10:57:02\",\"id\":6,\"params\":{},\"price\":5999,\"productDetails\":\"<strong>机械革命（MECHREVO）极光Pro 15.6英寸游戏本 笔记本电脑(i7-12650H 16G 512G RTX4050 165HZ 2.5K屏)</strong>\",\"productImg\":\"/profile/upload/2023/04/07/b06c3ad1-b6ce-44a7-8bde-d4d440ca5ba1.png\",\"productName\":\"机械革命（MECHREVO）极光Pro\",\"productNum\":149,\"typeId\":2,\"updateBy\":\"admin\",\"updateTime\":\"2023-04-07T11:25:33.418+08:00\"}','{\"msg\":\"操作成功\",\"code\":200}',0,NULL,'2023-04-07 11:25:33'),(256,'商品信息',2,'com.ruoyi.web.controller.system.TProductController.edit()','POST',1,'admin',NULL,'/ruoyi-vue-service/system/product/edit','127.0.0.1','内网IP','{\"createBy\":\"admin\",\"createTime\":\"2023-03-04 10:56:39\",\"id\":5,\"params\":{},\"price\":4499,\"productDetails\":\"<strong>华硕无畏15 2023 13代酷睿i5标压 15.6英寸轻薄便携大屏高性能办公笔记本电脑(i5-13500H 16G 512G 护眼屏)银</strong>\",\"productImg\":\"/profile/upload/2023/04/07/4d274017-3c3f-4f07-a1d9-8f5f0f40b148.png\",\"productName\":\"华硕无畏15 2023\",\"productNum\":87,\"typeId\":2,\"updateBy\":\"admin\",\"updateTime\":\"2023-04-07T11:27:02.775+08:00\"}','{\"msg\":\"操作成功\",\"code\":200}',0,NULL,'2023-04-07 11:27:02'),(257,'商品信息',2,'com.ruoyi.web.controller.system.TProductController.edit()','POST',1,'admin',NULL,'/ruoyi-vue-service/system/product/edit','127.0.0.1','内网IP','{\"createBy\":\"admin\",\"createTime\":\"2023-03-04 10:47:02\",\"id\":4,\"params\":{},\"price\":3499,\"productDetails\":\"<strong>小米笔记本电脑 红米 RedmiBookPro 14英寸 2.5K高清屏 高性能轻薄本(R5 16G 512G 商务办公 长续航 全金属)</strong>\",\"productImg\":\"/profile/upload/2023/04/07/13eee556-936b-4e8c-a14a-bf68728502c9.png\",\"productName\":\"红米 RedmiBookPro\",\"productNum\":134,\"typeId\":2,\"updateBy\":\"admin\",\"updateTime\":\"2023-04-07T11:28:04.11+08:00\"}','{\"msg\":\"操作成功\",\"code\":200}',0,NULL,'2023-04-07 11:28:04'),(258,'商品信息',2,'com.ruoyi.web.controller.system.TProductController.edit()','POST',1,'admin',NULL,'/ruoyi-vue-service/system/product/edit','127.0.0.1','内网IP','{\"createBy\":\"admin\",\"createTime\":\"2023-02-04 12:37:44\",\"id\":2,\"params\":{},\"price\":7499,\"productDetails\":\"<strong>华硕（ASUS）天选4 锐龙版 15.6英寸高性能电竞游戏本 笔记本电脑(新R7-7735H 16G 512G RTX4060 144Hz高色域电竞屏)青</strong>\",\"productImg\":\"/profile/upload/2023/02/04/cec19d96-a155-48e5-8cd0-e220a4fad5c7.jpg\",\"productName\":\"华硕（ASUS）天选4 \",\"productNum\":20,\"typeId\":2,\"updateBy\":\"admin\",\"updateTime\":\"2023-04-07T11:28:48.324+08:00\"}','{\"msg\":\"操作成功\",\"code\":200}',0,NULL,'2023-04-07 11:28:48'),(259,'商品信息',1,'com.ruoyi.web.controller.system.TProductController.add()','POST',1,'admin',NULL,'/ruoyi-vue-service/system/product/add','127.0.0.1','内网IP','{\"createBy\":\"admin\",\"createTime\":\"2023-04-07T11:30:24.845+08:00\",\"id\":13,\"params\":{},\"price\":2399,\"productDetails\":\"<strong>荣耀80 1.6亿像素超清主摄 AI Vlog视频大师 全新Magic OS 7.0系统 5G手机 8GB+256GB 粉映晨</strong>\",\"productImg\":\"/profile/upload/2023/04/07/352b993f-dd76-49c7-9756-a834b5a7421e.png\",\"productName\":\"荣耀80\",\"productNum\":0,\"typeId\":1,\"updateBy\":\"admin\",\"updateTime\":\"2023-04-07T11:30:24.845+08:00\"}','{\"msg\":\"操作成功\",\"code\":200}',0,NULL,'2023-04-07 11:30:24'),(260,'商品信息',1,'com.ruoyi.web.controller.system.TProductController.add()','POST',1,'admin',NULL,'/ruoyi-vue-service/system/product/add','127.0.0.1','内网IP','{\"createBy\":\"admin\",\"createTime\":\"2023-04-07T11:35:11.419+08:00\",\"id\":14,\"params\":{},\"price\":2799,\"productDetails\":\"<strong>OPPO 一加 Ace 2 12GB+256GB 冰河蓝 满血版骁龙®8+旗舰平台 1.5K灵犀触控屏 超帧超画引擎 5G游戏电竞手机</strong>\",\"productImg\":\"/profile/upload/2023/04/07/0abcc80d-c2cd-497e-b639-766847eac8ab.png\",\"productName\":\"OPPO 一加 Ace 2\",\"productNum\":0,\"typeId\":1,\"updateBy\":\"admin\",\"updateTime\":\"2023-04-07T11:35:11.419+08:00\"}','{\"msg\":\"操作成功\",\"code\":200}',0,NULL,'2023-04-07 11:35:11'),(261,'商品信息',2,'com.ruoyi.web.controller.system.TProductController.edit()','POST',1,'admin',NULL,'/ruoyi-vue-service/system/product/edit','127.0.0.1','内网IP','{\"createBy\":\"admin\",\"createTime\":\"2023-03-04 11:09:14\",\"id\":7,\"params\":{},\"price\":3399,\"productDetails\":\"<strong>&nbsp;华为笔记本电脑MateBook D 14 SE版 14英寸 11代酷睿 i5 8G+512G 轻薄本/高清护眼防眩光屏/手机互联 银</strong>\",\"productImg\":\"/profile/upload/2023/04/07/9a3fdcf4-4c36-46bb-bae2-fbb772ae106f.png\",\"productName\":\"华为MateBook\",\"productNum\":86,\"typeId\":2,\"updateBy\":\"admin\",\"updateTime\":\"2023-04-07T11:36:33.685+08:00\"}','{\"msg\":\"操作成功\",\"code\":200}',0,NULL,'2023-04-07 11:36:33'),(262,'商品信息',2,'com.ruoyi.web.controller.system.TProductController.edit()','POST',1,'admin',NULL,'/ruoyi-vue-service/system/product/edit','127.0.0.1','内网IP','{\"createBy\":\"admin\",\"createTime\":\"2023-03-04 10:57:02\",\"id\":6,\"params\":{},\"price\":5999,\"productDetails\":\"<strong>机械革命（MECHREVO）极光Pro 15.6英寸游戏本 笔记本电脑(i7-12650H 16G 512G RTX4050 165HZ 2.5K屏)</strong>\",\"productImg\":\"/profile/upload/2023/04/07/b06c3ad1-b6ce-44a7-8bde-d4d440ca5ba1.png\",\"productName\":\"机械革命 极光Pro\",\"productNum\":149,\"typeId\":2,\"updateBy\":\"admin\",\"updateTime\":\"2023-04-07T11:36:42.281+08:00\"}','{\"msg\":\"操作成功\",\"code\":200}',0,NULL,'2023-04-07 11:36:42'),(263,'商品信息',2,'com.ruoyi.web.controller.system.TProductController.edit()','POST',1,'admin',NULL,'/ruoyi-vue-service/system/product/edit','127.0.0.1','内网IP','{\"createBy\":\"admin\",\"createTime\":\"2023-03-04 13:55:54\",\"id\":8,\"params\":{},\"price\":7199,\"productDetails\":\"<strong>AppleMacBookAir【教育优惠】13.3 8核M1芯片(7核图形处理器) 8G 256G SSD 深空灰 笔记本电脑 MGN63CH/A</strong>\",\"productImg\":\"/profile/upload/2023/04/07/e9dc4ce6-c977-4584-be8a-61cd17fc03e6.png\",\"productName\":\"MacBookAir\",\"productNum\":0,\"typeId\":2,\"updateBy\":\"admin\",\"updateTime\":\"2023-04-07T11:36:53.441+08:00\"}','{\"msg\":\"操作成功\",\"code\":200}',0,NULL,'2023-04-07 11:36:53'),(264,'商品信息',2,'com.ruoyi.web.controller.system.TProductController.edit()','POST',1,'admin',NULL,'/ruoyi-vue-service/system/product/edit','127.0.0.1','内网IP','{\"createBy\":\"admin\",\"createTime\":\"2023-04-07 11:19:45\",\"id\":12,\"params\":{},\"price\":8588,\"productDetails\":\"<strong>联想 拯救者Y9000P 2023/22电竞游戏笔记本电脑 满血RTX4060/3060 旗舰酷睿i9 14核12900H 16G 512G 3060标配 16英寸专业电竞屏｜2.5K超清｜高刷新率</strong>\",\"productImg\":\"/profile/upload/2023/04/07/241c2ab0-95df-4119-8121-00afb3275811.png\",\"productName\":\"联想拯救者Y9000P\",\"productNum\":0,\"typeId\":2,\"updateBy\":\"admin\",\"updateTime\":\"2023-04-07T11:36:59.767+08:00\"}','{\"msg\":\"操作成功\",\"code\":200}',0,NULL,'2023-04-07 11:36:59'),(265,'商品信息',1,'com.ruoyi.web.controller.system.TProductController.add()','POST',1,'admin',NULL,'/ruoyi-vue-service/system/product/add','127.0.0.1','内网IP','{\"createBy\":\"admin\",\"createTime\":\"2023-04-07T13:41:04.234+08:00\",\"id\":15,\"params\":{},\"price\":1899,\"productDetails\":\"<strong>Redmi K40S 骁龙870 三星E4 AMOLED 120Hz直屏 OIS光学防抖 67W快充 晴雪 12GB+256GB 5G智能手机 小米红米</strong>\",\"productImg\":\"/profile/upload/2023/04/07/dbe9d2a6-914a-43a9-8a2d-30bc304249c9.png\",\"productName\":\"Redmi K40S \",\"productNum\":0,\"typeId\":1,\"updateBy\":\"admin\",\"updateTime\":\"2023-04-07T13:41:04.234+08:00\"}','{\"msg\":\"操作成功\",\"code\":200}',0,NULL,'2023-04-07 13:41:04'),(266,'商品信息',1,'com.ruoyi.web.controller.system.TProductController.add()','POST',1,'admin',NULL,'/ruoyi-vue-service/system/product/add','127.0.0.1','内网IP','{\"createBy\":\"admin\",\"createTime\":\"2023-04-07T13:42:07.698+08:00\",\"id\":16,\"params\":{},\"price\":4099,\"productDetails\":\"<strong>&nbsp;vivo iQOO 11 12GB+256GB 赛道版 第二代骁龙8 2K 144Hz E6全感屏 120W闪充 自研芯片V2 5G电竞手机iqoo11</strong>\",\"productImg\":\"/profile/upload/2023/04/07/adfbdc81-acee-4481-ad66-a31799654bf9.png\",\"productName\":\"vivo iQOO11 \",\"productNum\":0,\"typeId\":1,\"updateBy\":\"admin\",\"updateTime\":\"2023-04-07T13:42:07.698+08:00\"}','{\"msg\":\"操作成功\",\"code\":200}',0,NULL,'2023-04-07 13:42:07'),(267,'商品信息',1,'com.ruoyi.web.controller.system.TProductController.add()','POST',1,'admin',NULL,'/ruoyi-vue-service/system/product/add','127.0.0.1','内网IP','{\"createBy\":\"admin\",\"createTime\":\"2023-04-07T13:43:08.211+08:00\",\"id\":17,\"params\":{},\"price\":2699,\"productDetails\":\"<strong>&nbsp;Redmi K60 骁龙8+处理器 2K高光屏 6400万超清相机 5500mAh长续航 12GB+256GB 墨羽 小米红米5G</strong>\",\"productImg\":\"/profile/upload/2023/04/07/10505b43-5bde-4aaf-bc1b-400a86d51311.png\",\"productName\":\"Redmi K60 \",\"productNum\":0,\"typeId\":1,\"updateBy\":\"admin\",\"updateTime\":\"2023-04-07T13:43:08.211+08:00\"}','{\"msg\":\"操作成功\",\"code\":200}',0,NULL,'2023-04-07 13:43:08'),(268,'商品信息',1,'com.ruoyi.web.controller.system.TProductController.add()','POST',1,'admin',NULL,'/ruoyi-vue-service/system/product/add','127.0.0.1','内网IP','{\"createBy\":\"admin\",\"createTime\":\"2023-04-07T13:43:52.529+08:00\",\"id\":18,\"params\":{},\"price\":2299,\"productDetails\":\"<strong>&nbsp;vivo S16 8GB+128GB 颜如玉 高通骁龙870 前置5000万追焦人像 原彩柔光环 66W闪充 5G 拍照 手机</strong>\",\"productImg\":\"/profile/upload/2023/04/07/864c7d49-4a25-4112-8a5a-51659e632377.png\",\"productName\":\"vivo S16\",\"productNum\":0,\"typeId\":1,\"updateBy\":\"admin\",\"updateTime\":\"2023-04-07T13:43:52.529+08:00\"}','{\"msg\":\"操作成功\",\"code\":200}',0,NULL,'2023-04-07 13:43:52'),(269,'商品信息',1,'com.ruoyi.web.controller.system.TProductController.add()','POST',1,'admin',NULL,'/ruoyi-vue-service/system/product/add','127.0.0.1','内网IP','{\"createBy\":\"admin\",\"createTime\":\"2023-04-07T13:45:02.367+08:00\",\"id\":19,\"params\":{},\"price\":3499,\"productDetails\":\"<strong>realme真我GT Neo5 240W光速秒充 觉醒光环系统 144Hz 1.5K直屏 骁龙8+ 5G芯 16+1T 圣境白 5G手机</strong>\",\"productImg\":\"/profile/upload/2023/04/07/507629fd-5fb4-4476-9226-7c0ed65962a4.png\",\"productName\":\"真我GT Neo5\",\"productNum\":0,\"typeId\":1,\"updateBy\":\"admin\",\"updateTime\":\"2023-04-07T13:45:02.367+08:00\"}','{\"msg\":\"操作成功\",\"code\":200}',0,NULL,'2023-04-07 13:45:02'),(270,'商品信息',1,'com.ruoyi.web.controller.system.TProductController.add()','POST',1,'admin',NULL,'/ruoyi-vue-service/system/product/add','127.0.0.1','内网IP','{\"createBy\":\"admin\",\"createTime\":\"2023-04-07T13:45:54.701+08:00\",\"id\":20,\"params\":{},\"price\":9899,\"productDetails\":\"<strong>Apple iPhone 14 Pro Max (A2896) 256GB 暗紫色 支持移动联通电信5G 双卡双待手机</strong>\",\"productImg\":\"/profile/upload/2023/04/07/e94932dd-cf4e-46da-991f-3227c9069053.png\",\"productName\":\"iPhone 14 Pro Max\",\"productNum\":0,\"typeId\":1,\"updateBy\":\"admin\",\"updateTime\":\"2023-04-07T13:45:54.701+08:00\"}','{\"msg\":\"操作成功\",\"code\":200}',0,NULL,'2023-04-07 13:45:54'),(271,'商品信息',1,'com.ruoyi.web.controller.system.TProductController.add()','POST',1,'admin',NULL,'/ruoyi-vue-service/system/product/add','127.0.0.1','内网IP','{\"createBy\":\"admin\",\"createTime\":\"2023-04-07T13:47:04.98+08:00\",\"id\":21,\"params\":{},\"price\":4799,\"productDetails\":\"<strong>Apple iPhone 13 (A2634) 128GB 蓝色 支持移动联通电信5G 双卡双待手机</strong>\",\"productImg\":\"/profile/upload/2023/04/07/defc1d45-47ba-45ac-a382-631c20eb9dbd.png\",\"productName\":\"iPhone 13\",\"productNum\":0,\"typeId\":1,\"updateBy\":\"admin\",\"updateTime\":\"2023-04-07T13:47:04.98+08:00\"}','{\"msg\":\"操作成功\",\"code\":200}',0,NULL,'2023-04-07 13:47:05'),(272,'商品信息',1,'com.ruoyi.web.controller.system.TProductController.add()','POST',1,'admin',NULL,'/ruoyi-vue-service/system/product/add','127.0.0.1','内网IP','{\"createBy\":\"admin\",\"createTime\":\"2023-04-07T13:47:58.677+08:00\",\"id\":22,\"params\":{},\"price\":6199,\"productDetails\":\"<strong>荣耀Magic5 Pro 荣耀青海湖电池 鹰眼相机 高通骁龙8Gen2 悬浮流线四曲屏 5G手机 16GB+512GB 勃朗蓝</strong>\",\"productImg\":\"/profile/upload/2023/04/07/e3f9cd9c-212a-4bcf-b4c2-434fcc345d7b.png\",\"productName\":\"荣耀Magic5 Pro\",\"productNum\":0,\"typeId\":1,\"updateBy\":\"admin\",\"updateTime\":\"2023-04-07T13:47:58.677+08:00\"}','{\"msg\":\"操作成功\",\"code\":200}',0,NULL,'2023-04-07 13:47:58'),(273,'商品信息',2,'com.ruoyi.web.controller.system.TProductController.edit()','POST',1,'admin',NULL,'/ruoyi-vue-service/system/product/edit','127.0.0.1','内网IP','{\"createBy\":\"admin\",\"createTime\":\"2023-03-04 13:56:36\",\"id\":10,\"params\":{},\"price\":79,\"productDetails\":\"<strong>蒙亮 手撕风干牛肉干正宗内蒙古特产办公室休闲零食小吃 肉干肉脯248g 原味 248g</strong>\",\"productImg\":\"/profile/upload/2023/04/07/9f0adada-92f6-4fcf-aff6-18b24c083384.png\",\"productName\":\"手撕风干牛肉干\",\"productNum\":11,\"typeId\":3,\"updateBy\":\"admin\",\"updateTime\":\"2023-04-07T13:49:58.629+08:00\"}','{\"msg\":\"操作成功\",\"code\":200}',0,NULL,'2023-04-07 13:49:58'),(274,'商品信息',2,'com.ruoyi.web.controller.system.TProductController.edit()','POST',1,'admin',NULL,'/ruoyi-vue-service/system/product/edit','127.0.0.1','内网IP','{\"createBy\":\"admin\",\"createTime\":\"2023-03-04 13:56:19\",\"id\":9,\"params\":{},\"price\":43,\"productDetails\":\"<strong>乐事（Lay\'s）薯片混合10包（黄瓜味+原味+红烩味+鱿鱼味+鸡翅味）零食礼包400g</strong>\",\"productImg\":\"/profile/upload/2023/04/07/0e171ec7-1f04-462f-ae83-aae1244eacdd.png\",\"productName\":\"乐事薯片\",\"productNum\":1078,\"typeId\":3,\"updateBy\":\"admin\",\"updateTime\":\"2023-04-07T13:51:09.441+08:00\"}','{\"msg\":\"操作成功\",\"code\":200}',0,NULL,'2023-04-07 13:51:09'),(275,'商品信息',2,'com.ruoyi.web.controller.system.TProductController.edit()','POST',1,'admin',NULL,'/ruoyi-vue-service/system/product/edit','127.0.0.1','内网IP','{\"createBy\":\"admin\",\"createTime\":\"2023-02-04 12:42:12\",\"id\":3,\"params\":{},\"price\":103,\"productDetails\":\"<strong>奈の零食里奈零食大礼包小仙女礼盒150包送女友礼品辣条休闲零食</strong>\",\"productImg\":\"/profile/upload/2023/04/07/b84c01c3-cb55-49e1-8d50-be472daa357d.png\",\"productName\":\"零食大礼包\",\"productNum\":2,\"typeId\":3,\"updateBy\":\"admin\",\"updateTime\":\"2023-04-07T13:51:58.033+08:00\"}','{\"msg\":\"操作成功\",\"code\":200}',0,NULL,'2023-04-07 13:51:58'),(276,'商品信息',2,'com.ruoyi.web.controller.system.TProductController.edit()','POST',1,'admin',NULL,'/ruoyi-vue-service/system/product/edit','127.0.0.1','内网IP','{\"createBy\":\"admin\",\"createTime\":\"2023-02-03 14:50:49\",\"id\":1,\"params\":{},\"price\":29.9,\"productDetails\":\"<strong>钙芝（Calcheese）奶酪味威化饼干 休闲零食早餐食品小吃轻食 648克</strong>\",\"productImg\":\"/profile/upload/2023/04/07/a51ea165-130e-4d63-baaf-5c780343e121.png\",\"productName\":\"奶酪味威化饼干\",\"productNum\":2,\"typeId\":3,\"updateBy\":\"admin\",\"updateTime\":\"2023-04-07T13:52:51.612+08:00\"}','{\"msg\":\"操作成功\",\"code\":200}',0,NULL,'2023-04-07 13:52:51'),(277,'商品信息',1,'com.ruoyi.web.controller.system.TProductController.add()','POST',1,'admin',NULL,'/ruoyi-vue-service/system/product/add','127.0.0.1','内网IP','{\"createBy\":\"admin\",\"createTime\":\"2023-04-07T14:33:42.563+08:00\",\"id\":23,\"params\":{},\"price\":43.9,\"productDetails\":\"麦酥园沙琪玛无糖精食品休闲零食面包饼干蛋糕点心办公室萨其马早餐4斤﻿\",\"productImg\":\"/profile/upload/2023/04/07/62076b67-e374-4631-a6af-6d1d1bd85c10.png\",\"productName\":\"麦酥园沙琪玛\",\"productNum\":0,\"typeId\":3,\"updateBy\":\"admin\",\"updateTime\":\"2023-04-07T14:33:42.563+08:00\"}','{\"msg\":\"操作成功\",\"code\":200}',0,NULL,'2023-04-07 14:33:42'),(278,'商品信息',1,'com.ruoyi.web.controller.system.TProductController.add()','POST',1,'admin',NULL,'/ruoyi-vue-service/system/product/add','127.0.0.1','内网IP','{\"createBy\":\"admin\",\"createTime\":\"2023-04-07T14:35:05.445+08:00\",\"id\":24,\"params\":{},\"price\":0,\"productDetails\":\"三只松鼠每日坚果750g/30袋 坚果礼盒零食干果开心果核桃仁腰果送礼\",\"productImg\":\"/profile/upload/2023/04/07/ae9cf546-d203-4775-a17c-01a2d08e8021.png\",\"productName\":\" 三只松鼠每日坚果\",\"productNum\":0,\"typeId\":3,\"updateBy\":\"admin\",\"updateTime\":\"2023-04-07T14:35:05.445+08:00\"}','{\"msg\":\"操作成功\",\"code\":200}',0,NULL,'2023-04-07 14:35:05'),(279,'商品信息',1,'com.ruoyi.web.controller.system.TProductController.add()','POST',1,'admin',NULL,'/ruoyi-vue-service/system/product/add','127.0.0.1','内网IP','{\"createBy\":\"admin\",\"createTime\":\"2023-04-07T14:37:08.933+08:00\",\"id\":25,\"params\":{},\"price\":29.9,\"productDetails\":\"麻辣王子地道辣条休闲零食大礼包送女友儿时怀旧面筋湖南特产很麻很辣550g\",\"productImg\":\"/profile/upload/2023/04/07/84849ecb-9815-4e4b-9ef1-0890001ac588.png\",\"productName\":\"麻辣王子辣条\",\"productNum\":0,\"typeId\":3,\"updateBy\":\"admin\",\"updateTime\":\"2023-04-07T14:37:08.933+08:00\"}','{\"msg\":\"操作成功\",\"code\":200}',0,NULL,'2023-04-07 14:37:09'),(280,'商品信息',1,'com.ruoyi.web.controller.system.TProductController.add()','POST',1,'admin',NULL,'/ruoyi-vue-service/system/product/add','127.0.0.1','内网IP','{\"createBy\":\"admin\",\"createTime\":\"2023-04-07T14:38:11.519+08:00\",\"id\":26,\"params\":{},\"price\":23.8,\"productDetails\":\"喜之郎蒟蒻果冻 果汁果冻混合5口味400g20小包 0脂肪办公室零食下午茶\",\"productImg\":\"/profile/upload/2023/04/07/15f4c0ff-bc29-40b8-9c95-6c2022945f1c.png\",\"productName\":\"喜之郎蒟蒻果冻\",\"productNum\":0,\"typeId\":3,\"updateBy\":\"admin\",\"updateTime\":\"2023-04-07T14:38:11.519+08:00\"}','{\"msg\":\"操作成功\",\"code\":200}',0,NULL,'2023-04-07 14:38:11'),(281,'商品信息',1,'com.ruoyi.web.controller.system.TProductController.add()','POST',1,'admin',NULL,'/ruoyi-vue-service/system/product/add','127.0.0.1','内网IP','{\"createBy\":\"admin\",\"createTime\":\"2023-04-07T14:39:46.034+08:00\",\"id\":27,\"params\":{},\"price\":59.9,\"productDetails\":\"潘婷洗发水氨基酸乳液修护防干燥洗护套装洗500g+护500g+洗80g 洗发露\",\"productImg\":\"/profile/upload/2023/04/07/42d5f2ab-5904-4989-b26a-ed8a9b94fbbe.png\",\"productName\":\"潘婷洗发套装\",\"productNum\":0,\"typeId\":6,\"updateBy\":\"admin\",\"updateTime\":\"2023-04-07T14:39:46.034+08:00\"}','{\"msg\":\"操作成功\",\"code\":200}',0,NULL,'2023-04-07 14:39:46'),(282,'商品信息',1,'com.ruoyi.web.controller.system.TProductController.add()','POST',1,'admin',NULL,'/ruoyi-vue-service/system/product/add','127.0.0.1','内网IP','{\"createBy\":\"admin\",\"createTime\":\"2023-04-07T14:41:21.372+08:00\",\"id\":28,\"params\":{},\"price\":54.6,\"productDetails\":\"&nbsp;惠润（SUPER MiLD）洗发水绿野香氛柔顺洗发露600ml无硅油去油洗头膏蓬松洗发乳\",\"productImg\":\"/profile/upload/2023/04/07/d206cc44-531e-4fe4-84e7-61460818dbb4.png\",\"productName\":\"惠润洗发水\",\"productNum\":0,\"typeId\":6,\"updateBy\":\"admin\",\"updateTime\":\"2023-04-07T14:41:21.372+08:00\"}','{\"msg\":\"操作成功\",\"code\":200}',0,NULL,'2023-04-07 14:41:21'),(283,'商品信息',1,'com.ruoyi.web.controller.system.TProductController.add()','POST',1,'admin',NULL,'/ruoyi-vue-service/system/product/add','127.0.0.1','内网IP','{\"createBy\":\"admin\",\"createTime\":\"2023-04-07T14:42:35.629+08:00\",\"id\":29,\"params\":{},\"price\":41.9,\"productDetails\":\"多芬樱花甜香美肤沐浴乳1000g 锁水柔嫩肌肤 留香润肤(新老包装随机)\",\"productImg\":\"/profile/upload/2023/04/07/90b26ee5-b572-4241-93c5-aba2af490ca1.png\",\"productName\":\"多芬沐浴乳\",\"productNum\":0,\"typeId\":6,\"updateBy\":\"admin\",\"updateTime\":\"2023-04-07T14:42:35.629+08:00\"}','{\"msg\":\"操作成功\",\"code\":200}',0,NULL,'2023-04-07 14:42:35'),(284,'商品信息',1,'com.ruoyi.web.controller.system.TProductController.add()','POST',1,'admin',NULL,'/ruoyi-vue-service/system/product/add','127.0.0.1','内网IP','{\"createBy\":\"admin\",\"createTime\":\"2023-04-07T14:52:54.157+08:00\",\"id\":30,\"params\":{},\"price\":19.9,\"productDetails\":\"<strong>加多宝 凉茶植物饮料盒装 250ml*12盒 整箱装</strong>\",\"productImg\":\"/profile/upload/2023/04/07/8a9def36-9deb-43c9-b880-283c88341d7e.png\",\"productName\":\"加多宝\",\"productNum\":0,\"typeId\":4,\"updateBy\":\"admin\",\"updateTime\":\"2023-04-07T14:52:54.157+08:00\"}','{\"msg\":\"操作成功\",\"code\":200}',0,NULL,'2023-04-07 14:52:54'),(285,'商品信息',1,'com.ruoyi.web.controller.system.TProductController.add()','POST',1,'admin',NULL,'/ruoyi-vue-service/system/product/add','127.0.0.1','内网IP','{\"createBy\":\"admin\",\"createTime\":\"2023-04-07T14:54:21.951+08:00\",\"id\":31,\"params\":{},\"price\":45.9,\"productDetails\":\"百事可乐 Pepsi 百事可乐汽水 碳酸饮料 330ml*24听 百事出品\",\"productImg\":\"/profile/upload/2023/04/07/f9e1a95f-0251-44f5-8b19-91f4ca9b2904.png\",\"productName\":\"百事可乐\",\"productNum\":0,\"typeId\":4,\"updateBy\":\"admin\",\"updateTime\":\"2023-04-07T14:54:21.951+08:00\"}','{\"msg\":\"操作成功\",\"code\":200}',0,NULL,'2023-04-07 14:54:21'),(286,'商品信息',1,'com.ruoyi.web.controller.system.TProductController.add()','POST',1,'admin',NULL,'/ruoyi-vue-service/system/product/add','127.0.0.1','内网IP','{\"createBy\":\"admin\",\"createTime\":\"2023-04-07T14:56:36.9+08:00\",\"id\":32,\"params\":{},\"price\":37.8,\"productDetails\":\"娃哈哈 AD钙奶 含乳饮料 220g*20瓶 整箱装 （新老包装随机发货）\",\"productImg\":\"/profile/upload/2023/04/07/acc74d1a-4cc3-4ba6-9d65-f3274e3965d0.png\",\"productName\":\" AD钙奶\",\"productNum\":0,\"typeId\":4,\"updateBy\":\"admin\",\"updateTime\":\"2023-04-07T14:56:36.9+08:00\"}','{\"msg\":\"操作成功\",\"code\":200}',0,NULL,'2023-04-07 14:56:36'),(287,'商品信息',1,'com.ruoyi.web.controller.system.TProductController.add()','POST',1,'admin',NULL,'/ruoyi-vue-service/system/product/add','127.0.0.1','内网IP','{\"createBy\":\"admin\",\"createTime\":\"2023-04-07T14:57:49.366+08:00\",\"id\":33,\"params\":{},\"price\":35.9,\"productDetails\":\"东鹏特饮 维生素功能饮料 250ML*24盒/箱 家庭装\",\"productImg\":\"/profile/upload/2023/04/07/3e3a0e14-1395-40de-90a7-8ab5312dba87.png\",\"productName\":\"东鹏特饮\",\"productNum\":0,\"typeId\":4,\"updateBy\":\"admin\",\"updateTime\":\"2023-04-07T14:57:49.366+08:00\"}','{\"msg\":\"操作成功\",\"code\":200}',0,NULL,'2023-04-07 14:57:49'),(288,'商品信息',1,'com.ruoyi.web.controller.system.TProductController.add()','POST',1,'admin',NULL,'/ruoyi-vue-service/system/product/add','127.0.0.1','内网IP','{\"createBy\":\"admin\",\"createTime\":\"2023-04-07T14:58:53.376+08:00\",\"id\":34,\"params\":{},\"price\":69.9,\"productDetails\":\"雀巢（Nestle）丝滑拿铁即饮咖啡268ml*15瓶整箱饮料学生学习加班聚会熬夜饮品 丝滑拿铁*15瓶（整箱）\",\"productImg\":\"/profile/upload/2023/04/07/4c7a5fa4-290f-410d-bbca-e07f6d2cec93.png\",\"productName\":\"雀巢丝滑拿铁\",\"productNum\":0,\"typeId\":4,\"updateBy\":\"admin\",\"updateTime\":\"2023-04-07T14:58:53.376+08:00\"}','{\"msg\":\"操作成功\",\"code\":200}',0,NULL,'2023-04-07 14:58:53'),(289,'商品信息',1,'com.ruoyi.web.controller.system.TProductController.add()','POST',1,'admin',NULL,'/ruoyi-vue-service/system/product/add','127.0.0.1','内网IP','{\"createBy\":\"admin\",\"createTime\":\"2023-04-07T15:07:54.574+08:00\",\"id\":35,\"params\":{},\"price\":29.9,\"productDetails\":\"康师傅 冰红茶250ml*24盒 柠檬红茶饮料饮品随身装整箱 王一博同款\",\"productImg\":\"/profile/upload/2023/04/07/95e4af95-7283-43d9-b2e2-e17852ce2fc5.png\",\"productName\":\"康师傅冰红茶\",\"productNum\":0,\"typeId\":4,\"updateBy\":\"admin\",\"updateTime\":\"2023-04-07T15:07:54.574+08:00\"}','{\"msg\":\"操作成功\",\"code\":200}',0,NULL,'2023-04-07 15:07:54'),(290,'商品信息',1,'com.ruoyi.web.controller.system.TProductController.add()','POST',1,'admin',NULL,'/ruoyi-vue-service/system/product/add','127.0.0.1','内网IP','{\"createBy\":\"admin\",\"createTime\":\"2023-04-07T15:08:51.998+08:00\",\"id\":36,\"params\":{},\"price\":29.8,\"productDetails\":\"<strong>华洋1982汽水果味碳酸饮料玻璃瓶358ml*6瓶装低糖0脂肪老广州风味饮品</strong>\",\"productImg\":\"/profile/upload/2023/04/07/5b7f9bd2-30d0-4414-be66-931d937ce808.png\",\"productName\":\"华洋1982汽水\",\"productNum\":0,\"typeId\":4,\"updateBy\":\"admin\",\"updateTime\":\"2023-04-07T15:08:51.998+08:00\"}','{\"msg\":\"操作成功\",\"code\":200}',0,NULL,'2023-04-07 15:08:52'),(291,'商品信息',2,'com.ruoyi.web.controller.system.TProductController.edit()','POST',1,'admin',NULL,'/ruoyi-vue-service/system/product/edit','127.0.0.1','内网IP','{\"createBy\":\"admin\",\"createTime\":\"2023-02-04 12:37:44\",\"id\":2,\"params\":{},\"price\":7499,\"productDetails\":\"华硕（ASUS）天选4 锐龙版 15.6英寸高性能电竞游戏本 笔记本电脑(新R7-7735H 16G 512G RTX4060 144Hz高色域电竞屏)青\",\"productImg\":\"/profile/upload/2023/04/07/65e4415b-a990-4289-be1c-f8927362358b.png\",\"productName\":\"华硕（ASUS）天选4 \",\"productNum\":20,\"typeId\":2,\"updateBy\":\"admin\",\"updateTime\":\"2023-04-07T15:14:02.889+08:00\"}','{\"msg\":\"操作成功\",\"code\":200}',0,NULL,'2023-04-07 15:14:02'),(292,'商品信息',3,'com.ruoyi.web.controller.system.TProductController.remove()','GET',1,'admin',NULL,'/ruoyi-vue-service/system/product/remove/22,21,20,19,18,17,16,15,14,13','127.0.0.1','内网IP','{ids=22,21,20,19,18,17,16,15,14,13}','{\"msg\":\"操作成功\",\"code\":200}',0,NULL,'2023-04-07 15:50:10'),(293,'商品信息',1,'com.ruoyi.web.controller.system.TProductController.add()','POST',1,'admin',NULL,'/ruoyi-vue-service/system/product/add','127.0.0.1','内网IP','{\"createBy\":\"admin\",\"createTime\":\"2023-04-07T15:51:34.965+08:00\",\"id\":37,\"params\":{},\"price\":1899,\"productDetails\":\"Redmi K40S 骁龙870 三星E4 AMOLED 120Hz直屏 OIS光学防抖 67W快充 幻镜 12GB+256GB 5G智能手机 小米红米\",\"productImg\":\"/profile/upload/2023/04/07/91ff6737-951d-4c76-80a0-63fa0d01e9c5.png\",\"productName\":\"Redmi K40S \",\"productNum\":0,\"typeId\":1,\"updateBy\":\"admin\",\"updateTime\":\"2023-04-07T15:51:34.965+08:00\"}','{\"msg\":\"操作成功\",\"code\":200}',0,NULL,'2023-04-07 15:51:35'),(294,'商品信息',1,'com.ruoyi.web.controller.system.TProductController.add()','POST',1,'admin',NULL,'/ruoyi-vue-service/system/product/add','127.0.0.1','内网IP','{\"createBy\":\"admin\",\"createTime\":\"2023-04-07T15:52:22.215+08:00\",\"id\":38,\"params\":{},\"price\":1399,\"productDetails\":\"荣耀X40 120Hz OLED硬核曲屏 5100mAh 快充大电池 7.9mm轻薄设计 5G手机 6GB+128GB 幻夜黑\",\"productImg\":\"/profile/upload/2023/04/07/1ad76c51-5409-496e-942d-a7e51bf3a48a.png\",\"productName\":\"荣耀X40\",\"productNum\":0,\"typeId\":1,\"updateBy\":\"admin\",\"updateTime\":\"2023-04-07T15:52:22.215+08:00\"}','{\"msg\":\"操作成功\",\"code\":200}',0,NULL,'2023-04-07 15:52:22'),(295,'商品信息',1,'com.ruoyi.web.controller.system.TProductController.add()','POST',1,'admin',NULL,'/ruoyi-vue-service/system/product/add','127.0.0.1','内网IP','{\"createBy\":\"admin\",\"createTime\":\"2023-04-07T15:53:21.174+08:00\",\"id\":39,\"params\":{},\"price\":2299,\"productDetails\":\"vivo S16 8GB+128GB 颜如玉 高通骁龙870 前置5000万追焦人像 原彩柔光环 66W闪充 5G 拍照 手机\",\"productImg\":\"/profile/upload/2023/04/07/5dd2a600-2790-46bd-80db-dbed280027b3.png\",\"productName\":\"vivo S16\",\"productNum\":0,\"typeId\":1,\"updateBy\":\"admin\",\"updateTime\":\"2023-04-07T15:53:21.174+08:00\"}','{\"msg\":\"操作成功\",\"code\":200}',0,NULL,'2023-04-07 15:53:21'),(296,'商品信息',1,'com.ruoyi.web.controller.system.TProductController.add()','POST',1,'admin',NULL,'/ruoyi-vue-service/system/product/add','127.0.0.1','内网IP','{\"createBy\":\"admin\",\"createTime\":\"2023-04-07T15:54:28.54+08:00\",\"id\":40,\"params\":{},\"price\":6199,\"productDetails\":\"荣耀Magic5 Pro 荣耀青海湖电池 鹰眼相机 高通骁龙8Gen2 悬浮流线四曲屏 5G手机 16GB+512GB 亮黑色\",\"productImg\":\"/profile/upload/2023/04/07/8608474f-eb9c-46d1-b6cb-ce6fda983d07.png\",\"productName\":\"荣耀Magic5\",\"productNum\":0,\"typeId\":1,\"updateBy\":\"admin\",\"updateTime\":\"2023-04-07T15:54:28.54+08:00\"}','{\"msg\":\"操作成功\",\"code\":200}',0,NULL,'2023-04-07 15:54:28'),(297,'商品信息',1,'com.ruoyi.web.controller.system.TProductController.add()','POST',1,'admin',NULL,'/ruoyi-vue-service/system/product/add','127.0.0.1','内网IP','{\"createBy\":\"admin\",\"createTime\":\"2023-04-07T15:56:01.764+08:00\",\"id\":41,\"params\":{},\"price\":29.9,\"productDetails\":\"威猛先生（Mr Muscle） 油污清洁剂 455g+455g替换装 柑橘香 厨房重油污净\",\"productImg\":\"/profile/upload/2023/04/07/a8849063-d1f6-453a-b99b-749c7a39bac0.png\",\"productName\":\"油污清洁剂\",\"productNum\":0,\"typeId\":8,\"updateBy\":\"admin\",\"updateTime\":\"2023-04-07T15:56:01.764+08:00\"}','{\"msg\":\"操作成功\",\"code\":200}',0,NULL,'2023-04-07 15:56:01'),(298,'商品信息',1,'com.ruoyi.web.controller.system.TProductController.add()','POST',1,'admin',NULL,'/ruoyi-vue-service/system/product/add','127.0.0.1','内网IP','{\"createBy\":\"admin\",\"createTime\":\"2023-04-07T15:57:00.33+08:00\",\"id\":42,\"params\":{},\"price\":29.9,\"productDetails\":\"佳帮手拖把家用一拖净免手洗懒人拖把平板拖地神器擦地拖布墩布吸水除尘\",\"productImg\":\"/profile/upload/2023/04/07/c6b7ce8e-01a2-4dae-997b-93d1061f2a44.png\",\"productName\":\"擦地拖布\",\"productNum\":0,\"typeId\":8,\"updateBy\":\"admin\",\"updateTime\":\"2023-04-07T15:57:00.33+08:00\"}','{\"msg\":\"操作成功\",\"code\":200}',0,NULL,'2023-04-07 15:57:00'),(299,'商品信息',1,'com.ruoyi.web.controller.system.TProductController.add()','POST',1,'admin',NULL,'/ruoyi-vue-service/system/product/add','127.0.0.1','内网IP','{\"createBy\":\"admin\",\"createTime\":\"2023-04-07T15:57:46.285+08:00\",\"id\":43,\"params\":{},\"price\":14.9,\"productDetails\":\"洁芙朗(JAFFRONG) 地板清洁剂500ml 瓷砖大理石木地板液拖地专用强力去污除垢清洁液家用通用\",\"productImg\":\"/profile/upload/2023/04/07/9506aff1-3cf4-47f3-b114-77501eb856af.png\",\"productName\":\"地板清洁剂\",\"productNum\":0,\"typeId\":8,\"updateBy\":\"admin\",\"updateTime\":\"2023-04-07T15:57:46.285+08:00\"}','{\"msg\":\"操作成功\",\"code\":200}',0,NULL,'2023-04-07 15:57:46'),(300,'商品信息',1,'com.ruoyi.web.controller.system.TProductController.add()','POST',1,'admin',NULL,'/ruoyi-vue-service/system/product/add','127.0.0.1','内网IP','{\"createBy\":\"admin\",\"createTime\":\"2023-04-07T15:58:42.706+08:00\",\"id\":44,\"params\":{},\"price\":9.8,\"productDetails\":\"钢丝球不掉丝不锈钢清洁球不锈钢家用钢丝球刷锅洗碗清洁球双面海绵擦厨房洗刷工具带手柄 20只装钢丝球（不含手柄）\",\"productImg\":\"/profile/upload/2023/04/07/3ca39e37-1a8e-4df4-b620-a78e67f19fec.png\",\"productName\":\"钢丝球\",\"productNum\":0,\"typeId\":8,\"updateBy\":\"admin\",\"updateTime\":\"2023-04-07T15:58:42.706+08:00\"}','{\"msg\":\"操作成功\",\"code\":200}',0,NULL,'2023-04-07 15:58:42'),(301,'用户头像',2,'com.ruoyi.web.controller.system.SysProfileController.avatar()','POST',1,'gjd',NULL,'/ruoyi-vue-service/system/user/profile/avatar','127.0.0.1','内网IP','','{\"msg\":\"操作成功\",\"imgUrl\":\"/profile/avatar/2023/04/07/abf35829-3771-4e69-93e0-5e800c893e7a.jpeg\",\"code\":200}',0,NULL,'2023-04-07 18:43:59'),(302,'购物车',3,'com.ruoyi.web.controller.system.TShoppingCartController.remove()','GET',1,'gjd',NULL,'/ruoyi-vue-service/system/shoppingCart/remove/27','127.0.0.1','内网IP','{ids=27}','{\"msg\":\"操作成功\",\"code\":200}',0,NULL,'2023-04-07 18:44:07'),(303,'购物车',1,'com.ruoyi.web.controller.system.TShoppingCartController.add()','POST',1,'gjd',NULL,'/ruoyi-vue-service/system/shoppingCart/add','127.0.0.1','内网IP','{\"createBy\":\"gjd\",\"createTime\":\"2023-04-07T18:44:34.504+08:00\",\"id\":34,\"num\":2,\"params\":{},\"price\":158.00,\"tableId\":10,\"updateBy\":\"gjd\",\"updateTime\":\"2023-04-07T18:44:34.504+08:00\",\"userId\":101}','{\"msg\":\"操作成功\",\"code\":200}',0,NULL,'2023-04-07 18:44:34'),(304,'出入库记录',1,'com.ruoyi.web.controller.system.TStockController.add()','POST',1,'admin',NULL,'/ruoyi-vue-service/system/stock/add','127.0.0.1','内网IP','{\"createBy\":\"admin\",\"createTime\":\"2023-04-07T18:46:36.384+08:00\",\"id\":12,\"num\":100,\"params\":{},\"tableId\":44,\"type\":\"0\",\"updateBy\":\"admin\",\"updateTime\":\"2023-04-07T18:46:36.384+08:00\"}','{\"msg\":\"操作成功\",\"code\":200}',0,NULL,'2023-04-07 18:46:36'),(305,'出入库记录',1,'com.ruoyi.web.controller.system.TStockController.add()','POST',1,'admin',NULL,'/ruoyi-vue-service/system/stock/add','127.0.0.1','内网IP','{\"createBy\":\"admin\",\"createTime\":\"2023-04-07T18:46:47.018+08:00\",\"id\":13,\"num\":100,\"params\":{},\"tableId\":43,\"type\":\"0\",\"updateBy\":\"admin\",\"updateTime\":\"2023-04-07T18:46:47.018+08:00\"}','{\"msg\":\"操作成功\",\"code\":200}',0,NULL,'2023-04-07 18:46:47'),(306,'出入库记录',1,'com.ruoyi.web.controller.system.TStockController.add()','POST',1,'admin',NULL,'/ruoyi-vue-service/system/stock/add','127.0.0.1','内网IP','{\"createBy\":\"admin\",\"createTime\":\"2023-04-07T18:46:54.418+08:00\",\"id\":14,\"num\":100,\"params\":{},\"tableId\":42,\"type\":\"0\",\"updateBy\":\"admin\",\"updateTime\":\"2023-04-07T18:46:54.418+08:00\"}','{\"msg\":\"操作成功\",\"code\":200}',0,NULL,'2023-04-07 18:46:54'),(307,'出入库记录',1,'com.ruoyi.web.controller.system.TStockController.add()','POST',1,'admin',NULL,'/ruoyi-vue-service/system/stock/add','127.0.0.1','内网IP','{\"createBy\":\"admin\",\"createTime\":\"2023-04-07T18:47:02.658+08:00\",\"id\":15,\"num\":100,\"params\":{},\"tableId\":41,\"type\":\"0\",\"updateBy\":\"admin\",\"updateTime\":\"2023-04-07T18:47:02.658+08:00\"}','{\"msg\":\"操作成功\",\"code\":200}',0,NULL,'2023-04-07 18:47:02'),(308,'角色管理',2,'com.ruoyi.web.controller.system.SysRoleController.edit()','POST',1,'admin',NULL,'/ruoyi-vue-service/system/role/edit','127.0.0.1','内网IP','{\"admin\":false,\"createTime\":\"2023-02-03 14:06:47\",\"dataScope\":\"2\",\"delFlag\":\"0\",\"deptCheckStrictly\":true,\"flag\":false,\"menuCheckStrictly\":true,\"menuIds\":[2037,2036,2024,2025,2026,2027,2028,2029,2030,2031,2032,2033,2034,2035],\"params\":{},\"remark\":\"普通角色\",\"roleId\":2,\"roleKey\":\"common\",\"roleName\":\"业务员\",\"roleSort\":\"2\",\"status\":\"0\",\"updateBy\":\"admin\"}','{\"msg\":\"操作成功\",\"code\":200}',0,NULL,'2023-05-09 15:50:01'),(309,'角色管理',2,'com.ruoyi.web.controller.system.SysRoleController.edit()','POST',1,'admin',NULL,'/ruoyi-vue-service/system/role/edit','127.0.0.1','内网IP','{\"admin\":false,\"createTime\":\"2023-02-03 14:06:47\",\"dataScope\":\"2\",\"delFlag\":\"0\",\"deptCheckStrictly\":true,\"flag\":false,\"menuCheckStrictly\":true,\"menuIds\":[2037,2036,2024,2025,2026,2027,2028,2029,2030,2031,2032,2033,2034,2035],\"params\":{},\"remark\":\"业务员\",\"roleId\":2,\"roleKey\":\"common\",\"roleName\":\"业务员\",\"roleSort\":\"2\",\"status\":\"0\",\"updateBy\":\"admin\"}','{\"msg\":\"操作成功\",\"code\":200}',0,NULL,'2023-05-09 15:50:25'),(310,'购物车',1,'com.ruoyi.web.controller.system.TShoppingCartController.add()','POST',1,'test02',NULL,'/ruoyi-vue-service/system/shoppingCart/add','127.0.0.1','内网IP','{\"createBy\":\"test02\",\"createTime\":\"2023-05-09T16:02:20.948+08:00\",\"id\":35,\"num\":1,\"params\":{},\"price\":9.80,\"tableId\":44,\"updateBy\":\"test02\",\"updateTime\":\"2023-05-09T16:02:20.948+08:00\",\"userId\":107}','{\"msg\":\"操作成功\",\"code\":200}',0,NULL,'2023-05-09 16:02:21'),(311,'购物车',2,'com.ruoyi.web.controller.system.TShoppingCartController.settlement()','POST',1,'test02',NULL,'/ruoyi-vue-service/system/shoppingCart/settlement','127.0.0.1','内网IP','{\"ids\":\"35\",\"params\":{}}','{\"msg\":\"操作成功\",\"code\":200}',0,NULL,'2023-05-09 16:02:30'),(312,'角色管理',2,'com.ruoyi.web.controller.system.SysRoleController.edit()','POST',1,'admin',NULL,'/ruoyi-vue-service/system/role/edit','127.0.0.1','内网IP','{\"admin\":false,\"createTime\":\"2023-02-03 14:06:47\",\"dataScope\":\"2\",\"delFlag\":\"0\",\"deptCheckStrictly\":true,\"flag\":false,\"menuCheckStrictly\":true,\"menuIds\":[2037,2036,2024,2025,2026,2027,2028,2029,2030,2031,2032,2033,2034,2035],\"params\":{},\"remark\":\"普通用户\",\"roleId\":2,\"roleKey\":\"common\",\"roleName\":\"普通用户\",\"roleSort\":\"2\",\"status\":\"0\",\"updateBy\":\"admin\"}','{\"msg\":\"操作成功\",\"code\":200}',0,NULL,'2023-05-12 15:49:47'),(313,'用户管理',2,'com.ruoyi.web.controller.system.SysUserController.edit()','POST',1,'admin',NULL,'/ruoyi-vue-service/system/user/edit','127.0.0.1','内网IP','{\"admin\":false,\"avatar\":\"\",\"createBy\":\"admin\",\"createTime\":\"2023-02-03 14:06:47\",\"delFlag\":\"0\",\"dept\":{\"ancestors\":\"0,100,101\",\"children\":[],\"deptId\":105,\"deptName\":\"测试部门\",\"leader\":\"若依\",\"orderNum\":3,\"params\":{},\"parentId\":101,\"status\":\"0\"},\"deptId\":105,\"email\":\"qwqw@qq.com\",\"loginDate\":\"2023-02-03 14:06:47\",\"loginIp\":\"127.0.0.1\",\"nickName\":\"小明\",\"params\":{},\"phonenumber\":\"15666666666\",\"postIds\":[2],\"remark\":\"测试员\",\"roleIds\":[2],\"roles\":[{\"admin\":false,\"dataScope\":\"2\",\"deptCheckStrictly\":false,\"flag\":false,\"menuCheckStrictly\":false,\"params\":{},\"roleId\":2,\"roleKey\":\"common\",\"roleName\":\"普通用户\",\"roleSort\":\"2\",\"status\":\"0\"}],\"sex\":\"1\",\"status\":\"0\",\"updateBy\":\"admin\",\"updateTime\":\"2023-05-12T15:50:47.161+08:00\",\"userId\":2,\"userName\":\"ry\"}','{\"msg\":\"操作成功\",\"code\":200}',0,NULL,'2023-05-12 15:50:47'),(314,'购物车',1,'com.ruoyi.web.controller.system.TShoppingCartController.add()','POST',1,'test02',NULL,'/ruoyi-vue-service/system/shoppingCart/add','127.0.0.1','内网IP','{\"num\":333,\"params\":{},\"tableId\":44,\"userId\":107}',NULL,1,'库存数量不足','2023-05-12 16:54:51'),(315,'购物车',1,'com.ruoyi.web.controller.system.TShoppingCartController.add()','POST',1,'test02',NULL,'/ruoyi-vue-service/system/shoppingCart/add','127.0.0.1','内网IP','{\"createBy\":\"test02\",\"createTime\":\"2023-05-12T16:54:54.637+08:00\",\"id\":36,\"num\":2,\"params\":{},\"price\":19.60,\"tableId\":44,\"updateBy\":\"test02\",\"updateTime\":\"2023-05-12T16:54:54.637+08:00\",\"userId\":107}','{\"msg\":\"操作成功\",\"code\":200}',0,NULL,'2023-05-12 16:54:54'),(316,'购物车',1,'com.ruoyi.web.controller.system.TShoppingCartController.add()','POST',1,'test02',NULL,'/ruoyi-vue-service/system/shoppingCart/add','127.0.0.1','内网IP','{\"createBy\":\"test02\",\"createTime\":\"2023-05-12T16:54:57.471+08:00\",\"id\":37,\"num\":1,\"params\":{},\"price\":14.90,\"tableId\":43,\"updateBy\":\"test02\",\"updateTime\":\"2023-05-12T16:54:57.471+08:00\",\"userId\":107}','{\"msg\":\"操作成功\",\"code\":200}',0,NULL,'2023-05-12 16:54:57'),(317,'购物车',1,'com.ruoyi.web.controller.system.TShoppingCartController.add()','POST',1,'test02',NULL,'/ruoyi-vue-service/system/shoppingCart/add','127.0.0.1','内网IP','{\"createBy\":\"test02\",\"createTime\":\"2023-05-12T16:54:59.774+08:00\",\"id\":38,\"num\":3,\"params\":{},\"price\":89.70,\"tableId\":42,\"updateBy\":\"test02\",\"updateTime\":\"2023-05-12T16:54:59.774+08:00\",\"userId\":107}','{\"msg\":\"操作成功\",\"code\":200}',0,NULL,'2023-05-12 16:54:59'),(318,'购物车',1,'com.ruoyi.web.controller.system.TShoppingCartController.add()','POST',1,'test02',NULL,'/ruoyi-vue-service/system/shoppingCart/add','127.0.0.1','内网IP','{\"createBy\":\"test02\",\"createTime\":\"2023-05-12T16:55:01.942+08:00\",\"id\":39,\"num\":1,\"params\":{},\"price\":29.90,\"tableId\":41,\"updateBy\":\"test02\",\"updateTime\":\"2023-05-12T16:55:01.942+08:00\",\"userId\":107}','{\"msg\":\"操作成功\",\"code\":200}',0,NULL,'2023-05-12 16:55:01'),(319,'购物车',2,'com.ruoyi.web.controller.system.TShoppingCartController.settlement()','POST',1,'test02',NULL,'/ruoyi-vue-service/system/shoppingCart/settlement','127.0.0.1','内网IP','{\"ids\":\"39,38,37,36\",\"params\":{}}','{\"msg\":\"操作成功\",\"code\":200}',0,NULL,'2023-05-12 16:55:06'),(320,'购物车',1,'com.ruoyi.web.controller.system.TShoppingCartController.add()','POST',1,'user1',NULL,'/ruoyi-vue-service/system/shoppingCart/add','127.0.0.1','内网IP','{\"createBy\":\"user1\",\"createTime\":\"2023-05-14T10:32:31.235+08:00\",\"id\":40,\"num\":1,\"params\":{},\"price\":9.80,\"tableId\":44,\"updateBy\":\"user1\",\"updateTime\":\"2023-05-14T10:32:31.235+08:00\",\"userId\":100}','{\"msg\":\"操作成功\",\"code\":200}',0,NULL,'2023-05-14 10:32:31'),(321,'购物车',2,'com.ruoyi.web.controller.system.TShoppingCartController.settlement()','POST',1,'user1',NULL,'/ruoyi-vue-service/system/shoppingCart/settlement','127.0.0.1','内网IP','{\"ids\":\"40\",\"params\":{}}','{\"msg\":\"操作成功\",\"code\":200}',0,NULL,'2023-05-14 10:32:38'),(322,'用户头像',2,'com.ruoyi.web.controller.system.SysProfileController.avatar()','POST',1,'test02',NULL,'/ruoyi-vue-service/system/user/profile/avatar','127.0.0.1','内网IP','','{\"msg\":\"操作成功\",\"imgUrl\":\"/profile/avatar/2023/05/20/01f1e57a-9160-4fdb-9fbe-7a3a4f7e7d55.jpeg\",\"code\":200}',0,NULL,'2023-05-20 13:12:50'),(323,'用户头像',2,'com.ruoyi.web.controller.system.SysProfileController.avatar()','POST',1,'user1',NULL,'/ruoyi-vue-service/system/user/profile/avatar','127.0.0.1','内网IP','','{\"msg\":\"操作成功\",\"imgUrl\":\"/profile/avatar/2023/05/20/384059a1-f6d2-41de-abc8-4c71494259fe.jpeg\",\"code\":200}',0,NULL,'2023-05-20 13:21:31'),(324,'购物车',1,'com.ruoyi.web.controller.system.TShoppingCartController.add()','POST',1,'test02',NULL,'/ruoyi-vue-service/system/shoppingCart/add','127.0.0.1','内网IP','{\"createBy\":\"test02\",\"createTime\":\"2023-05-20T13:23:25.785+08:00\",\"id\":41,\"num\":2,\"params\":{},\"price\":19.60,\"tableId\":44,\"updateBy\":\"test02\",\"updateTime\":\"2023-05-20T13:23:25.785+08:00\",\"userId\":107}','{\"msg\":\"操作成功\",\"code\":200}',0,NULL,'2023-05-20 13:23:25'),(325,'购物车',1,'com.ruoyi.web.controller.system.TShoppingCartController.add()','POST',1,'test02',NULL,'/ruoyi-vue-service/system/shoppingCart/add','127.0.0.1','内网IP','{\"createBy\":\"test02\",\"createTime\":\"2023-05-20T13:23:27.706+08:00\",\"id\":42,\"num\":1,\"params\":{},\"price\":29.90,\"tableId\":42,\"updateBy\":\"test02\",\"updateTime\":\"2023-05-20T13:23:27.706+08:00\",\"userId\":107}','{\"msg\":\"操作成功\",\"code\":200}',0,NULL,'2023-05-20 13:23:27'),(326,'购物车',1,'com.ruoyi.web.controller.system.TShoppingCartController.add()','POST',1,'test02',NULL,'/ruoyi-vue-service/system/shoppingCart/add','127.0.0.1','内网IP','{\"createBy\":\"test02\",\"createTime\":\"2023-05-20T13:23:29.555+08:00\",\"id\":43,\"num\":3,\"params\":{},\"price\":89.70,\"tableId\":41,\"updateBy\":\"test02\",\"updateTime\":\"2023-05-20T13:23:29.555+08:00\",\"userId\":107}','{\"msg\":\"操作成功\",\"code\":200}',0,NULL,'2023-05-20 13:23:29'),(327,'购物车',1,'com.ruoyi.web.controller.system.TShoppingCartController.add()','POST',1,'test02',NULL,'/ruoyi-vue-service/system/shoppingCart/add','127.0.0.1','内网IP','{\"createBy\":\"test02\",\"createTime\":\"2023-05-20T13:23:31.592+08:00\",\"id\":44,\"num\":1,\"params\":{},\"price\":6199.00,\"tableId\":40,\"updateBy\":\"test02\",\"updateTime\":\"2023-05-20T13:23:31.592+08:00\",\"userId\":107}','{\"msg\":\"操作成功\",\"code\":200}',0,NULL,'2023-05-20 13:23:31'),(328,'购物车',1,'com.ruoyi.web.controller.system.TShoppingCartController.add()','POST',1,'test02',NULL,'/ruoyi-vue-service/system/shoppingCart/add','127.0.0.1','内网IP','{\"createBy\":\"test02\",\"createTime\":\"2023-05-20T13:23:34.126+08:00\",\"id\":45,\"num\":1,\"params\":{},\"price\":1899.00,\"tableId\":37,\"updateBy\":\"test02\",\"updateTime\":\"2023-05-20T13:23:34.126+08:00\",\"userId\":107}','{\"msg\":\"操作成功\",\"code\":200}',0,NULL,'2023-05-20 13:23:34'),(329,'购物车',1,'com.ruoyi.web.controller.system.TShoppingCartController.add()','POST',1,'test02',NULL,'/ruoyi-vue-service/system/shoppingCart/add','127.0.0.1','内网IP','{\"createBy\":\"test02\",\"createTime\":\"2023-05-20T13:23:37.819+08:00\",\"id\":46,\"num\":3,\"params\":{},\"price\":209.70,\"tableId\":34,\"updateBy\":\"test02\",\"updateTime\":\"2023-05-20T13:23:37.819+08:00\",\"userId\":107}','{\"msg\":\"操作成功\",\"code\":200}',0,NULL,'2023-05-20 13:23:37'),(330,'购物车',1,'com.ruoyi.web.controller.system.TShoppingCartController.add()','POST',1,'test02',NULL,'/ruoyi-vue-service/system/shoppingCart/add','127.0.0.1','内网IP','{\"createBy\":\"test02\",\"createTime\":\"2023-05-20T13:23:40.112+08:00\",\"id\":47,\"num\":1,\"params\":{},\"price\":45.90,\"tableId\":31,\"updateBy\":\"test02\",\"updateTime\":\"2023-05-20T13:23:40.112+08:00\",\"userId\":107}','{\"msg\":\"操作成功\",\"code\":200}',0,NULL,'2023-05-20 13:23:40'),(331,'购物车',1,'com.ruoyi.web.controller.system.TShoppingCartController.add()','POST',1,'test02',NULL,'/ruoyi-vue-service/system/shoppingCart/add','127.0.0.1','内网IP','{\"createBy\":\"test02\",\"createTime\":\"2023-05-20T13:23:43.784+08:00\",\"id\":48,\"num\":1,\"params\":{},\"price\":29.90,\"tableId\":25,\"updateBy\":\"test02\",\"updateTime\":\"2023-05-20T13:23:43.784+08:00\",\"userId\":107}','{\"msg\":\"操作成功\",\"code\":200}',0,NULL,'2023-05-20 13:23:43'),(332,'购物车',1,'com.ruoyi.web.controller.system.TShoppingCartController.add()','POST',1,'test02',NULL,'/ruoyi-vue-service/system/shoppingCart/add','127.0.0.1','内网IP','{\"num\":22,\"params\":{},\"tableId\":10,\"userId\":107}',NULL,1,'库存数量不足','2023-05-20 13:23:54'),(333,'购物车',1,'com.ruoyi.web.controller.system.TShoppingCartController.add()','POST',1,'test02',NULL,'/ruoyi-vue-service/system/shoppingCart/add','127.0.0.1','内网IP','{\"createBy\":\"test02\",\"createTime\":\"2023-05-20T13:23:58.061+08:00\",\"id\":49,\"num\":2,\"params\":{},\"price\":158.00,\"tableId\":10,\"updateBy\":\"test02\",\"updateTime\":\"2023-05-20T13:23:58.061+08:00\",\"userId\":107}','{\"msg\":\"操作成功\",\"code\":200}',0,NULL,'2023-05-20 13:23:58'),(334,'购物车',1,'com.ruoyi.web.controller.system.TShoppingCartController.add()','POST',1,'test02',NULL,'/ruoyi-vue-service/system/shoppingCart/add','127.0.0.1','内网IP','{\"createBy\":\"test02\",\"createTime\":\"2023-05-20T13:24:20.048+08:00\",\"id\":50,\"num\":22,\"params\":{},\"price\":327.80,\"tableId\":43,\"updateBy\":\"test02\",\"updateTime\":\"2023-05-20T13:24:20.048+08:00\",\"userId\":107}','{\"msg\":\"操作成功\",\"code\":200}',0,NULL,'2023-05-20 13:24:20'),(335,'购物车',1,'com.ruoyi.web.controller.system.TShoppingCartController.add()','POST',1,'test02',NULL,'/ruoyi-vue-service/system/shoppingCart/add','127.0.0.1','内网IP','{\"createBy\":\"test02\",\"createTime\":\"2023-05-20T13:24:22.754+08:00\",\"id\":51,\"num\":2,\"params\":{},\"price\":59.80,\"tableId\":42,\"updateBy\":\"test02\",\"updateTime\":\"2023-05-20T13:24:22.754+08:00\",\"userId\":107}','{\"msg\":\"操作成功\",\"code\":200}',0,NULL,'2023-05-20 13:24:22'),(336,'购物车',1,'com.ruoyi.web.controller.system.TShoppingCartController.add()','POST',1,'test02',NULL,'/ruoyi-vue-service/system/shoppingCart/add','127.0.0.1','内网IP','{\"createBy\":\"test02\",\"createTime\":\"2023-05-20T13:24:25.011+08:00\",\"id\":52,\"num\":2,\"params\":{},\"price\":2798.00,\"tableId\":38,\"updateBy\":\"test02\",\"updateTime\":\"2023-05-20T13:24:25.011+08:00\",\"userId\":107}','{\"msg\":\"操作成功\",\"code\":200}',0,NULL,'2023-05-20 13:24:25'),(337,'购物车',1,'com.ruoyi.web.controller.system.TShoppingCartController.add()','POST',1,'test02',NULL,'/ruoyi-vue-service/system/shoppingCart/add','127.0.0.1','内网IP','{\"createBy\":\"test02\",\"createTime\":\"2023-05-20T13:24:26.967+08:00\",\"id\":53,\"num\":2,\"params\":{},\"price\":3798.00,\"tableId\":37,\"updateBy\":\"test02\",\"updateTime\":\"2023-05-20T13:24:26.967+08:00\",\"userId\":107}','{\"msg\":\"操作成功\",\"code\":200}',0,NULL,'2023-05-20 13:24:27'),(338,'购物车',1,'com.ruoyi.web.controller.system.TShoppingCartController.add()','POST',1,'test02',NULL,'/ruoyi-vue-service/system/shoppingCart/add','127.0.0.1','内网IP','{\"createBy\":\"test02\",\"createTime\":\"2023-05-20T13:24:28.896+08:00\",\"id\":54,\"num\":2,\"params\":{},\"price\":59.60,\"tableId\":36,\"updateBy\":\"test02\",\"updateTime\":\"2023-05-20T13:24:28.896+08:00\",\"userId\":107}','{\"msg\":\"操作成功\",\"code\":200}',0,NULL,'2023-05-20 13:24:28'),(339,'购物车',1,'com.ruoyi.web.controller.system.TShoppingCartController.add()','POST',1,'test02',NULL,'/ruoyi-vue-service/system/shoppingCart/add','127.0.0.1','内网IP','{\"createBy\":\"test02\",\"createTime\":\"2023-05-20T13:24:30.645+08:00\",\"id\":55,\"num\":2,\"params\":{},\"price\":59.80,\"tableId\":35,\"updateBy\":\"test02\",\"updateTime\":\"2023-05-20T13:24:30.645+08:00\",\"userId\":107}','{\"msg\":\"操作成功\",\"code\":200}',0,NULL,'2023-05-20 13:24:30'),(340,'购物车',1,'com.ruoyi.web.controller.system.TShoppingCartController.add()','POST',1,'test02',NULL,'/ruoyi-vue-service/system/shoppingCart/add','127.0.0.1','内网IP','{\"createBy\":\"test02\",\"createTime\":\"2023-05-20T13:24:33.867+08:00\",\"id\":56,\"num\":2,\"params\":{},\"price\":14998.00,\"tableId\":2,\"updateBy\":\"test02\",\"updateTime\":\"2023-05-20T13:24:33.867+08:00\",\"userId\":107}','{\"msg\":\"操作成功\",\"code\":200}',0,NULL,'2023-05-20 13:24:33'),(341,'购物车',1,'com.ruoyi.web.controller.system.TShoppingCartController.add()','POST',1,'test02',NULL,'/ruoyi-vue-service/system/shoppingCart/add','127.0.0.1','内网IP','{\"createBy\":\"test02\",\"createTime\":\"2023-05-20T13:24:35.77+08:00\",\"id\":57,\"num\":2,\"params\":{},\"price\":59.80,\"tableId\":1,\"updateBy\":\"test02\",\"updateTime\":\"2023-05-20T13:24:35.77+08:00\",\"userId\":107}','{\"msg\":\"操作成功\",\"code\":200}',0,NULL,'2023-05-20 13:24:35'),(342,'购物车',1,'com.ruoyi.web.controller.system.TShoppingCartController.add()','POST',1,'test02',NULL,'/ruoyi-vue-service/system/shoppingCart/add','127.0.0.1','内网IP','{\"createBy\":\"test02\",\"createTime\":\"2023-05-20T13:24:38.178+08:00\",\"id\":58,\"num\":2,\"params\":{},\"price\":206.00,\"tableId\":3,\"updateBy\":\"test02\",\"updateTime\":\"2023-05-20T13:24:38.178+08:00\",\"userId\":107}','{\"msg\":\"操作成功\",\"code\":200}',0,NULL,'2023-05-20 13:24:38'),(343,'购物车',1,'com.ruoyi.web.controller.system.TShoppingCartController.add()','POST',1,'test02',NULL,'/ruoyi-vue-service/system/shoppingCart/add','127.0.0.1','内网IP','{\"createBy\":\"test02\",\"createTime\":\"2023-05-20T13:24:50.76+08:00\",\"id\":59,\"num\":1,\"params\":{},\"price\":14.90,\"tableId\":43,\"updateBy\":\"test02\",\"updateTime\":\"2023-05-20T13:24:50.76+08:00\",\"userId\":107}','{\"msg\":\"操作成功\",\"code\":200}',0,NULL,'2023-05-20 13:24:50'),(344,'购物车',1,'com.ruoyi.web.controller.system.TShoppingCartController.add()','POST',1,'test02',NULL,'/ruoyi-vue-service/system/shoppingCart/add','127.0.0.1','内网IP','{\"createBy\":\"test02\",\"createTime\":\"2023-05-20T13:24:52.943+08:00\",\"id\":60,\"num\":2,\"params\":{},\"price\":59.80,\"tableId\":42,\"updateBy\":\"test02\",\"updateTime\":\"2023-05-20T13:24:52.943+08:00\",\"userId\":107}','{\"msg\":\"操作成功\",\"code\":200}',0,NULL,'2023-05-20 13:24:52'),(345,'购物车',1,'com.ruoyi.web.controller.system.TShoppingCartController.add()','POST',1,'test02',NULL,'/ruoyi-vue-service/system/shoppingCart/add','127.0.0.1','内网IP','{\"createBy\":\"test02\",\"createTime\":\"2023-05-20T13:24:55.952+08:00\",\"id\":61,\"num\":1,\"params\":{},\"price\":29.80,\"tableId\":36,\"updateBy\":\"test02\",\"updateTime\":\"2023-05-20T13:24:55.952+08:00\",\"userId\":107}','{\"msg\":\"操作成功\",\"code\":200}',0,NULL,'2023-05-20 13:24:55'),(346,'购物车',1,'com.ruoyi.web.controller.system.TShoppingCartController.add()','POST',1,'test02',NULL,'/ruoyi-vue-service/system/shoppingCart/add','127.0.0.1','内网IP','{\"createBy\":\"test02\",\"createTime\":\"2023-05-20T13:24:59.182+08:00\",\"id\":62,\"num\":1,\"params\":{},\"price\":37.80,\"tableId\":32,\"updateBy\":\"test02\",\"updateTime\":\"2023-05-20T13:24:59.182+08:00\",\"userId\":107}','{\"msg\":\"操作成功\",\"code\":200}',0,NULL,'2023-05-20 13:24:59'),(347,'购物车',1,'com.ruoyi.web.controller.system.TShoppingCartController.add()','POST',1,'test02',NULL,'/ruoyi-vue-service/system/shoppingCart/add','127.0.0.1','内网IP','{\"createBy\":\"test02\",\"createTime\":\"2023-05-20T13:25:00.902+08:00\",\"id\":63,\"num\":1,\"params\":{},\"price\":45.90,\"tableId\":31,\"updateBy\":\"test02\",\"updateTime\":\"2023-05-20T13:25:00.902+08:00\",\"userId\":107}','{\"msg\":\"操作成功\",\"code\":200}',0,NULL,'2023-05-20 13:25:00'),(348,'购物车',1,'com.ruoyi.web.controller.system.TShoppingCartController.add()','POST',1,'test02',NULL,'/ruoyi-vue-service/system/shoppingCart/add','127.0.0.1','内网IP','{\"createBy\":\"test02\",\"createTime\":\"2023-05-20T13:25:03.471+08:00\",\"id\":64,\"num\":1,\"params\":{},\"price\":19.90,\"tableId\":30,\"updateBy\":\"test02\",\"updateTime\":\"2023-05-20T13:25:03.471+08:00\",\"userId\":107}','{\"msg\":\"操作成功\",\"code\":200}',0,NULL,'2023-05-20 13:25:03'),(349,'用户管理',3,'com.ruoyi.web.controller.system.SysUserController.remove()','GET',1,'admin',NULL,'/ruoyi-vue-service/system/user/remove/102','127.0.0.1','内网IP','{userIds=102}','{\"msg\":\"操作成功\",\"code\":200}',0,NULL,'2023-09-05 20:30:28'),(350,'用户管理',3,'com.ruoyi.web.controller.system.SysUserController.remove()','GET',1,'admin',NULL,'/ruoyi-vue-service/system/user/remove/101','127.0.0.1','内网IP','{userIds=101}','{\"msg\":\"操作成功\",\"code\":200}',0,NULL,'2023-09-05 20:30:30'),(351,'用户管理',3,'com.ruoyi.web.controller.system.SysUserController.remove()','GET',1,'admin',NULL,'/ruoyi-vue-service/system/user/remove/103','127.0.0.1','内网IP','{userIds=103}','{\"msg\":\"操作成功\",\"code\":200}',0,NULL,'2023-09-05 20:30:31'),(352,'用户管理',3,'com.ruoyi.web.controller.system.SysUserController.remove()','GET',1,'admin',NULL,'/ruoyi-vue-service/system/user/remove/104','127.0.0.1','内网IP','{userIds=104}','{\"msg\":\"操作成功\",\"code\":200}',0,NULL,'2023-09-05 20:30:33'),(353,'购物车',1,'com.ruoyi.web.controller.system.TShoppingCartController.add()','POST',1,'qqq',NULL,'/ruoyi-vue-service/system/shoppingCart/add','127.0.0.1','内网IP','{\"createBy\":\"qqq\",\"createTime\":\"2023-09-05T20:33:34.286+08:00\",\"id\":65,\"num\":1,\"params\":{},\"price\":9.80,\"tableId\":44,\"updateBy\":\"qqq\",\"updateTime\":\"2023-09-05T20:33:34.286+08:00\",\"userId\":108}','{\"msg\":\"操作成功\",\"code\":200}',0,NULL,'2023-09-05 20:33:34'),(354,'购物车',1,'com.ruoyi.web.controller.system.TShoppingCartController.add()','POST',1,'qqq',NULL,'/ruoyi-vue-service/system/shoppingCart/add','127.0.0.1','内网IP','{\"createBy\":\"qqq\",\"createTime\":\"2023-09-05T20:33:36.41+08:00\",\"id\":66,\"num\":3,\"params\":{},\"price\":44.70,\"tableId\":43,\"updateBy\":\"qqq\",\"updateTime\":\"2023-09-05T20:33:36.41+08:00\",\"userId\":108}','{\"msg\":\"操作成功\",\"code\":200}',0,NULL,'2023-09-05 20:33:36'),(355,'购物车',2,'com.ruoyi.web.controller.system.TShoppingCartController.settlement()','POST',1,'qqq',NULL,'/ruoyi-vue-service/system/shoppingCart/settlement','127.0.0.1','内网IP','{\"ids\":\"66\",\"params\":{}}','{\"msg\":\"操作成功\",\"code\":200}',0,NULL,'2023-09-05 20:34:00'),(356,'购物车',1,'com.ruoyi.web.controller.system.TShoppingCartController.add()','POST',1,'cs1',NULL,'/ruoyi-vue-service/system/shoppingCart/add','127.0.0.1','内网IP','{\"createBy\":\"cs1\",\"createTime\":\"2024-01-04T13:28:53.559+08:00\",\"id\":67,\"num\":1,\"params\":{},\"price\":23.70,\"tableId\":6,\"updateBy\":\"cs1\",\"updateTime\":\"2024-01-04T13:28:53.559+08:00\",\"userId\":109}','{\"msg\":\"操作成功\",\"code\":200}',0,NULL,'2024-01-04 13:28:53'),(357,'购物车',1,'com.ruoyi.web.controller.system.TShoppingCartController.add()','POST',1,'cs1',NULL,'/ruoyi-vue-service/system/shoppingCart/add','127.0.0.1','内网IP','{\"createBy\":\"cs1\",\"createTime\":\"2024-01-04T13:28:55.288+08:00\",\"id\":68,\"num\":1,\"params\":{},\"price\":26.90,\"tableId\":7,\"updateBy\":\"cs1\",\"updateTime\":\"2024-01-04T13:28:55.288+08:00\",\"userId\":109}','{\"msg\":\"操作成功\",\"code\":200}',0,NULL,'2024-01-04 13:28:55'),(358,'购物车',1,'com.ruoyi.web.controller.system.TShoppingCartController.add()','POST',1,'cs1',NULL,'/ruoyi-vue-service/system/shoppingCart/add','127.0.0.1','内网IP','{\"createBy\":\"cs1\",\"createTime\":\"2024-01-04T13:28:57.224+08:00\",\"id\":69,\"num\":1,\"params\":{},\"price\":22.50,\"tableId\":8,\"updateBy\":\"cs1\",\"updateTime\":\"2024-01-04T13:28:57.224+08:00\",\"userId\":109}','{\"msg\":\"操作成功\",\"code\":200}',0,NULL,'2024-01-04 13:28:57'),(359,'购物车',1,'com.ruoyi.web.controller.system.TShoppingCartController.add()','POST',1,'cs1',NULL,'/ruoyi-vue-service/system/shoppingCart/add','127.0.0.1','内网IP','{\"createBy\":\"cs1\",\"createTime\":\"2024-01-04T13:29:28.876+08:00\",\"id\":70,\"num\":1,\"params\":{},\"price\":26.90,\"tableId\":7,\"updateBy\":\"cs1\",\"updateTime\":\"2024-01-04T13:29:28.876+08:00\",\"userId\":109}','{\"msg\":\"操作成功\",\"code\":200}',0,NULL,'2024-01-04 13:29:28'),(360,'购物车',1,'com.ruoyi.web.controller.system.TShoppingCartController.add()','POST',1,'cs1',NULL,'/ruoyi-vue-service/system/shoppingCart/add','127.0.0.1','内网IP','{\"createBy\":\"cs1\",\"createTime\":\"2024-01-04T13:29:30.833+08:00\",\"id\":71,\"num\":1,\"params\":{},\"price\":22.50,\"tableId\":8,\"updateBy\":\"cs1\",\"updateTime\":\"2024-01-04T13:29:30.833+08:00\",\"userId\":109}','{\"msg\":\"操作成功\",\"code\":200}',0,NULL,'2024-01-04 13:29:30'),(361,'购物车',1,'com.ruoyi.web.controller.system.TShoppingCartController.add()','POST',1,'cs1',NULL,'/ruoyi-vue-service/system/shoppingCart/add','127.0.0.1','内网IP','{\"createBy\":\"cs1\",\"createTime\":\"2024-01-04T13:29:32.593+08:00\",\"id\":72,\"num\":1,\"params\":{},\"price\":26.90,\"tableId\":7,\"updateBy\":\"cs1\",\"updateTime\":\"2024-01-04T13:29:32.593+08:00\",\"userId\":109}','{\"msg\":\"操作成功\",\"code\":200}',0,NULL,'2024-01-04 13:29:32'),(362,'购物车',1,'com.ruoyi.web.controller.system.TShoppingCartController.add()','POST',1,'jack',NULL,'/ruoyi-vue-service/system/shoppingCart/add','127.0.0.1','内网IP','{\"createBy\":\"jack\",\"createTime\":\"2024-08-23T22:59:24.907+08:00\",\"id\":73,\"num\":1,\"params\":{},\"price\":55.90,\"tableId\":40,\"updateBy\":\"jack\",\"updateTime\":\"2024-08-23T22:59:24.907+08:00\",\"userId\":110}','{\"msg\":\"操作成功\",\"code\":200}',0,NULL,'2024-08-23 22:59:24'),(363,'购物车',1,'com.ruoyi.web.controller.system.TShoppingCartController.add()','POST',1,'jack',NULL,'/ruoyi-vue-service/system/shoppingCart/add','127.0.0.1','内网IP','{\"createBy\":\"jack\",\"createTime\":\"2024-08-24T10:46:29.286+08:00\",\"id\":74,\"num\":2,\"params\":{},\"price\":159.80,\"tableId\":41,\"updateBy\":\"jack\",\"updateTime\":\"2024-08-24T10:46:29.286+08:00\",\"userId\":110}','{\"msg\":\"操作成功\",\"code\":200}',0,NULL,'2024-08-24 10:46:29'),(364,'购物车',1,'com.ruoyi.web.controller.system.TShoppingCartController.add()','POST',1,'jack',NULL,'/ruoyi-vue-service/system/shoppingCart/add','127.0.0.1','内网IP','{\"createBy\":\"jack\",\"createTime\":\"2024-08-24T10:46:31.756+08:00\",\"id\":75,\"num\":2,\"params\":{},\"price\":59.60,\"tableId\":36,\"updateBy\":\"jack\",\"updateTime\":\"2024-08-24T10:46:31.756+08:00\",\"userId\":110}','{\"msg\":\"操作成功\",\"code\":200}',0,NULL,'2024-08-24 10:46:31'),(365,'购物车',2,'com.ruoyi.web.controller.system.TShoppingCartController.settlement()','POST',1,'jack',NULL,'/ruoyi-vue-service/system/shoppingCart/settlement','127.0.0.1','内网IP','{\"ids\":\"75,74,73\",\"params\":{}}','{\"msg\":\"操作成功\",\"code\":200}',0,NULL,'2024-08-24 10:46:37'),(366,'商品信息',2,'com.ruoyi.web.controller.system.TProductController.edit()','POST',1,'java1234',NULL,'/ruoyi-vue-service/system/product/edit','127.0.0.1','内网IP','{\"createBy\":\"admin\",\"createTime\":\"2023-04-07 15:58:43\",\"id\":44,\"params\":{},\"price\":121.6,\"productDetails\":\"人气画手仙女绝美原创百妖神怪图鉴，出自近百部中国志怪典籍和民间传说，如《聊斋》中的鬼魅、《子不语》中的妖魔、《山海经》中的神祇等，为你打开浩瀚的民族传统文化宝库。\",\"productImg\":\"/profile/upload/2025/04/21/a110d320-95e9-4e6d-adfc-8e88654744f3.png\",\"productName\":\"解异集\",\"productNum\":96,\"typeId\":8,\"updateBy\":\"java1234\",\"updateTime\":\"2025-04-21T20:20:58.259+08:00\"}','{\"msg\":\"操作成功\",\"code\":200}',0,NULL,'2025-04-21 20:20:58'),(367,'商品信息',2,'com.ruoyi.web.controller.system.TProductController.edit()','POST',1,'java1234',NULL,'/ruoyi-vue-service/system/product/edit','127.0.0.1','内网IP','{\"createBy\":\"admin\",\"createTime\":\"2023-04-07 15:57:46\",\"id\":43,\"params\":{},\"price\":44.9,\"productDetails\":\"清明上河图，藏着中国人的精神！百万人气公号“近似于透明的深蓝”作品，讲述流淌在我们骨血里的思想、文化与美的力量，更关于人如何过好这一生。豆瓣高分佳作！悲悯，绚丽又静默如迷。蒋勋、Tango推荐\",\"productImg\":\"/profile/upload/2025/04/21/8f3a3c7c-86e5-4c30-aeb7-554e2a31b43e.png\",\"productName\":\"入世的巅峰\",\"productNum\":95,\"typeId\":8,\"updateBy\":\"java1234\",\"updateTime\":\"2025-04-21T20:21:10.368+08:00\"}','{\"msg\":\"操作成功\",\"code\":200}',0,NULL,'2025-04-21 20:21:10'),(368,'商品信息',2,'com.ruoyi.web.controller.system.TProductController.edit()','POST',1,'java1234',NULL,'/ruoyi-vue-service/system/product/edit','127.0.0.1','内网IP','{\"createBy\":\"admin\",\"createTime\":\"2023-04-07 15:57:00\",\"id\":42,\"params\":{},\"price\":129.9,\"productDetails\":\"著名美术史家范景中五十年心力之作，聚焦文艺复兴到18世纪天才艺术家层出不穷的黄金时代。陈丹青、许知远、巫鸿、朱良志、吕澎联合推荐，献给所有热爱艺术、热爱美的你。当当专属双赠品，送完为止！\",\"productImg\":\"/profile/upload/2025/04/21/b0797a56-67c1-43ba-9f54-3dd26f881659.png\",\"productName\":\"艺术与文明\",\"productNum\":95,\"typeId\":8,\"updateBy\":\"java1234\",\"updateTime\":\"2025-04-21T20:21:18.926+08:00\"}','{\"msg\":\"操作成功\",\"code\":200}',0,NULL,'2025-04-21 20:21:18'),(369,'商品信息',2,'com.ruoyi.web.controller.system.TProductController.edit()','POST',1,'java1234',NULL,'/ruoyi-vue-service/system/product/edit','127.0.0.1','内网IP','{\"createBy\":\"admin\",\"createTime\":\"2023-04-07 15:56:02\",\"id\":41,\"params\":{},\"price\":79.9,\"productDetails\":\"知名插画师、畅销漫画作品《生活蒙太奇》作者天然的插画作品集。这是一个生活观察者对美好生活无时无刻的记录。同时也是一个关于美的创作试验：连续365天生活速写，700多幅作品合集，呈现如诗如画的有一年。\",\"productImg\":\"/profile/upload/2025/04/21/84b75e9e-1b2f-42ad-b061-3b2e644a8227.png\",\"productName\":\"有一年\",\"productNum\":97,\"typeId\":8,\"updateBy\":\"java1234\",\"updateTime\":\"2025-04-21T20:21:26.55+08:00\"}','{\"msg\":\"操作成功\",\"code\":200}',0,NULL,'2025-04-21 20:21:26'),(370,'商品信息',2,'com.ruoyi.web.controller.system.TProductController.edit()','POST',1,'java1234',NULL,'/ruoyi-vue-service/system/product/edit','127.0.0.1','内网IP','{\"createBy\":\"admin\",\"createTime\":\"2023-04-07 15:54:29\",\"id\":40,\"params\":{},\"price\":55.9,\"productDetails\":\"它既是心理学专业的基础课教材，也是相关专业和心理学爱好者的入门教材，还是部分高校招收心理学博、硕士研究生的重要参考教材\",\"productImg\":\"/profile/upload/2025/04/21/979ad497-9dc5-4e06-8630-9dd1755c464b.png\",\"productName\":\"普通心理学(第5版）\",\"productNum\":86,\"typeId\":1,\"updateBy\":\"java1234\",\"updateTime\":\"2025-04-21T20:21:34.817+08:00\"}','{\"msg\":\"操作成功\",\"code\":200}',0,NULL,'2025-04-21 20:21:34'),(371,'商品信息',2,'com.ruoyi.web.controller.system.TProductController.edit()','POST',1,'java1234',NULL,'/ruoyi-vue-service/system/product/edit','127.0.0.1','内网IP','{\"createBy\":\"admin\",\"createTime\":\"2023-04-07 15:53:21\",\"id\":39,\"params\":{},\"price\":140,\"productDetails\":\"张明楷教授代表作 扩容近六十万字，增加刑十一、刑十相关内容，增删、修改刑法基础论、犯罪论、法律后果论、罪刑各论等内容\",\"productImg\":\"/profile/upload/2025/04/21/954319ec-9b03-4dea-a8c9-f4dcb83e38a7.png\",\"productName\":\"刑法学（第六版 上下册）\\r\\n\",\"productNum\":30,\"typeId\":1,\"updateBy\":\"java1234\",\"updateTime\":\"2025-04-21T20:21:43.223+08:00\"}','{\"msg\":\"操作成功\",\"code\":200}',0,NULL,'2025-04-21 20:21:43'),(372,'商品信息',2,'com.ruoyi.web.controller.system.TProductController.edit()','POST',1,'java1234',NULL,'/ruoyi-vue-service/system/product/edit','127.0.0.1','内网IP','{\"createBy\":\"admin\",\"createTime\":\"2023-04-07 15:52:22\",\"id\":38,\"params\":{},\"price\":65,\"productDetails\":\"中医基础理论，是研究和阐释中医学的基础理论和基本知识的一门学科。它的内容包括阴阳五行、藏象、经络、气血津液、病因和病机等方面的基础理论和基本知识，是学习中医中药其他各门学科的基础，是学习和研究中医药学的一门必修的基础理论课程。\",\"productImg\":\"/profile/upload/2025/04/21/3a9a2895-9b49-4bcb-ae1d-082d6aaec11a.png\",\"productName\":\"中医基础理论(五版教材)\",\"productNum\":39,\"typeId\":1,\"updateBy\":\"java1234\",\"updateTime\":\"2025-04-21T20:21:55.489+08:00\"}','{\"msg\":\"操作成功\",\"code\":200}',0,NULL,'2025-04-21 20:21:55'),(373,'商品信息',2,'com.ruoyi.web.controller.system.TProductController.edit()','POST',1,'java1234',NULL,'/ruoyi-vue-service/system/product/edit','127.0.0.1','内网IP','{\"createBy\":\"admin\",\"createTime\":\"2023-04-07 15:51:35\",\"id\":37,\"params\":{},\"price\":59,\"productDetails\":\"该书是中央马工程重点教材，由马克思主义理论研究和建设工程办公室统筹组织编写，是第一部全面系统体现习近平新时代中国特色社会主义思想的全国高校思政课统编教材，由导论、结语和17章正文组成，各章均设有学习要点、本章小结、思考题及总书记金句、知识拓展、图表等多种形式的辅文。\",\"productImg\":\"/profile/upload/2025/04/21/83ce4cd3-bddc-496a-b7f4-d5057a93c86c.png\",\"productName\":\"习近平新时代中国特色社会主义思想概论 2023新版\",\"productNum\":64,\"typeId\":1,\"updateBy\":\"java1234\",\"updateTime\":\"2025-04-21T20:22:03.549+08:00\"}','{\"msg\":\"操作成功\",\"code\":200}',0,NULL,'2025-04-21 20:22:03'),(374,'商品信息',2,'com.ruoyi.web.controller.system.TProductController.edit()','POST',1,'java1234',NULL,'/ruoyi-vue-service/system/product/edit','127.0.0.1','内网IP','{\"createBy\":\"admin\",\"createTime\":\"2023-04-07 15:08:52\",\"id\":36,\"params\":{},\"price\":29.8,\"productDetails\":\"隐世才女白落梅慢沏一碗清茶，为你细述一代文豪苏东坡的快意人生。逆旅而行，几多困顿；飘然如风，几多潇洒。唯美插图珍藏版，附赠手绘精美书签！\",\"productImg\":\"/profile/upload/2025/04/21/dea26ccf-a2ec-48a9-8fa9-5b70df6af91c.png\",\"productName\":\"苏东坡传\",\"productNum\":97,\"typeId\":4,\"updateBy\":\"java1234\",\"updateTime\":\"2025-04-21T20:22:13.142+08:00\"}','{\"msg\":\"操作成功\",\"code\":200}',0,NULL,'2025-04-21 20:22:13'),(375,'商品信息',2,'com.ruoyi.web.controller.system.TProductController.edit()','POST',1,'java1234',NULL,'/ruoyi-vue-service/system/product/edit','127.0.0.1','内网IP','{\"createBy\":\"admin\",\"createTime\":\"2023-04-07 15:07:55\",\"id\":35,\"params\":{},\"price\":29.9,\"productDetails\":\"入选某瓣2021年度艺术·设计榜单，英伦传奇乐队Suede山羊皮主唱布雷特·安德森回忆录 揭秘山羊皮从一夜成名到黯然解散全过程 深度剖析音乐产业生态|揭示音乐产业运转真相|音乐爱好者的诚意之作\",\"productImg\":\"/profile/upload/2025/04/21/744152b4-ae5c-43e3-9e54-29fc5d10a1d8.png\",\"productName\":\"拉下百叶窗的午后\",\"productNum\":67,\"typeId\":4,\"updateBy\":\"java1234\",\"updateTime\":\"2025-04-21T20:22:21.592+08:00\"}','{\"msg\":\"操作成功\",\"code\":200}',0,NULL,'2025-04-21 20:22:21');

/*Table structure for table `sys_post` */

DROP TABLE IF EXISTS `sys_post`;

CREATE TABLE `sys_post` (
  `post_id` bigint NOT NULL AUTO_INCREMENT COMMENT '岗位ID',
  `post_code` varchar(64) NOT NULL COMMENT '岗位编码',
  `post_name` varchar(50) NOT NULL COMMENT '岗位名称',
  `post_sort` int NOT NULL COMMENT '显示顺序',
  `status` char(1) NOT NULL COMMENT '状态（0正常 1停用）',
  `create_by` varchar(64) DEFAULT '' COMMENT '创建者',
  `create_time` datetime DEFAULT NULL COMMENT '创建时间',
  `update_by` varchar(64) DEFAULT '' COMMENT '更新者',
  `update_time` datetime DEFAULT NULL COMMENT '更新时间',
  `remark` varchar(500) DEFAULT NULL COMMENT '备注',
  PRIMARY KEY (`post_id`) USING BTREE
) ENGINE=InnoDB AUTO_INCREMENT=5 DEFAULT CHARSET=utf8mb3 ROW_FORMAT=DYNAMIC COMMENT='岗位信息表';

/*Data for the table `sys_post` */

insert  into `sys_post`(`post_id`,`post_code`,`post_name`,`post_sort`,`status`,`create_by`,`create_time`,`update_by`,`update_time`,`remark`) values (1,'ceo','董事长',1,'0','admin','2023-02-03 14:06:47','',NULL,''),(2,'se','项目经理',2,'0','admin','2023-02-03 14:06:47','',NULL,''),(3,'hr','人力资源',3,'0','admin','2023-02-03 14:06:47','',NULL,''),(4,'user','普通员工',4,'0','admin','2023-02-03 14:06:47','',NULL,'');

/*Table structure for table `sys_role` */

DROP TABLE IF EXISTS `sys_role`;

CREATE TABLE `sys_role` (
  `role_id` bigint NOT NULL AUTO_INCREMENT COMMENT '角色ID',
  `role_name` varchar(30) NOT NULL COMMENT '角色名称',
  `role_key` varchar(100) NOT NULL COMMENT '角色权限字符串',
  `role_sort` int NOT NULL COMMENT '显示顺序',
  `data_scope` char(1) DEFAULT '1' COMMENT '数据范围（1：全部数据权限 2：自定数据权限 3：本部门数据权限 4：本部门及以下数据权限）',
  `menu_check_strictly` tinyint(1) DEFAULT '1' COMMENT '菜单树选择项是否关联显示',
  `dept_check_strictly` tinyint(1) DEFAULT '1' COMMENT '部门树选择项是否关联显示',
  `status` char(1) NOT NULL COMMENT '角色状态（0正常 1停用）',
  `del_flag` char(1) DEFAULT '0' COMMENT '删除标志（0代表存在 2代表删除）',
  `create_by` varchar(64) DEFAULT '' COMMENT '创建者',
  `create_time` datetime DEFAULT NULL COMMENT '创建时间',
  `update_by` varchar(64) DEFAULT '' COMMENT '更新者',
  `update_time` datetime DEFAULT NULL COMMENT '更新时间',
  `remark` varchar(500) DEFAULT NULL COMMENT '备注',
  PRIMARY KEY (`role_id`) USING BTREE
) ENGINE=InnoDB AUTO_INCREMENT=3 DEFAULT CHARSET=utf8mb3 ROW_FORMAT=DYNAMIC COMMENT='角色信息表';

/*Data for the table `sys_role` */

insert  into `sys_role`(`role_id`,`role_name`,`role_key`,`role_sort`,`data_scope`,`menu_check_strictly`,`dept_check_strictly`,`status`,`del_flag`,`create_by`,`create_time`,`update_by`,`update_time`,`remark`) values (1,'超级管理员','admin',1,'1',1,1,'0','0','admin','2023-02-03 14:06:47','',NULL,'超级管理员'),(2,'普通用户','common',2,'2',1,1,'0','0','admin','2023-02-03 14:06:47','admin','2023-05-12 15:49:47','普通用户');

/*Table structure for table `sys_role_dept` */

DROP TABLE IF EXISTS `sys_role_dept`;

CREATE TABLE `sys_role_dept` (
  `role_id` bigint NOT NULL COMMENT '角色ID',
  `dept_id` bigint NOT NULL COMMENT '部门ID',
  PRIMARY KEY (`role_id`,`dept_id`) USING BTREE
) ENGINE=InnoDB DEFAULT CHARSET=utf8mb3 ROW_FORMAT=DYNAMIC COMMENT='角色和部门关联表';

/*Data for the table `sys_role_dept` */

insert  into `sys_role_dept`(`role_id`,`dept_id`) values (2,100),(2,101),(2,105);

/*Table structure for table `sys_role_menu` */

DROP TABLE IF EXISTS `sys_role_menu`;

CREATE TABLE `sys_role_menu` (
  `role_id` bigint NOT NULL COMMENT '角色ID',
  `menu_id` bigint NOT NULL COMMENT '菜单ID',
  PRIMARY KEY (`role_id`,`menu_id`) USING BTREE
) ENGINE=InnoDB DEFAULT CHARSET=utf8mb3 ROW_FORMAT=DYNAMIC COMMENT='角色和菜单关联表';

/*Data for the table `sys_role_menu` */

insert  into `sys_role_menu`(`role_id`,`menu_id`) values (2,2024),(2,2025),(2,2026),(2,2027),(2,2028),(2,2029),(2,2030),(2,2031),(2,2032),(2,2033),(2,2034),(2,2035),(2,2036),(2,2037);

/*Table structure for table `sys_user` */

DROP TABLE IF EXISTS `sys_user`;

CREATE TABLE `sys_user` (
  `user_id` bigint NOT NULL AUTO_INCREMENT COMMENT '用户ID',
  `dept_id` bigint DEFAULT NULL COMMENT '部门ID',
  `user_name` varchar(30) NOT NULL COMMENT '用户账号',
  `nick_name` varchar(30) NOT NULL COMMENT '用户昵称',
  `user_type` varchar(2) DEFAULT '00' COMMENT '用户类型（00系统用户）',
  `email` varchar(50) DEFAULT '' COMMENT '用户邮箱',
  `phonenumber` varchar(11) DEFAULT '' COMMENT '手机号码',
  `sex` char(1) DEFAULT '0' COMMENT '用户性别（0男 1女 2未知）',
  `avatar` varchar(100) DEFAULT '' COMMENT '头像地址',
  `password` varchar(100) DEFAULT '' COMMENT '密码',
  `status` char(1) DEFAULT '0' COMMENT '帐号状态（0正常 1停用）',
  `del_flag` char(1) DEFAULT '0' COMMENT '删除标志（0代表存在 2代表删除）',
  `login_ip` varchar(128) DEFAULT '' COMMENT '最后登录IP',
  `login_date` datetime DEFAULT NULL COMMENT '最后登录时间',
  `create_by` varchar(64) DEFAULT '' COMMENT '创建者',
  `create_time` datetime DEFAULT NULL COMMENT '创建时间',
  `update_by` varchar(64) DEFAULT '' COMMENT '更新者',
  `update_time` datetime DEFAULT NULL COMMENT '更新时间',
  `remark` varchar(500) DEFAULT NULL COMMENT '备注',
  PRIMARY KEY (`user_id`) USING BTREE
) ENGINE=InnoDB AUTO_INCREMENT=111 DEFAULT CHARSET=utf8mb3 ROW_FORMAT=DYNAMIC COMMENT='用户信息表';

/*Data for the table `sys_user` */

insert  into `sys_user`(`user_id`,`dept_id`,`user_name`,`nick_name`,`user_type`,`email`,`phonenumber`,`sex`,`avatar`,`password`,`status`,`del_flag`,`login_ip`,`login_date`,`create_by`,`create_time`,`update_by`,`update_time`,`remark`) values (1,103,'java1234','admin','00','ry@163.com','15888888888','1','/profile/avatar/2023/03/04/00cf1b26-3137-4725-9135-83c7210e074d.jpeg','$2a$10$uYoqQDF9.462RcTf0GYVVeFsFDSfqvcL7S/wpkvGlZMKG7t8wEXmK','0','0','127.0.0.1','2025-04-21 21:39:11','admin','2023-02-03 14:06:47','','2025-04-21 21:39:11','管理员'),(2,105,'ry','小明','00','qwqw@qq.com','15666666666','1','','$2a$10$uYoqQDF9.462RcTf0GYVVeFsFDSfqvcL7S/wpkvGlZMKG7t8wEXmK','0','0','127.0.0.1','2023-02-03 14:06:47','admin','2023-02-03 14:06:47','admin','2023-05-12 15:50:47','测试员'),(100,NULL,'user1','user1','00','10@qq.com','15887298644','0','/profile/avatar/2023/05/20/384059a1-f6d2-41de-abc8-4c71494259fe.jpeg','$2a$10$uYoqQDF9.462RcTf0GYVVeFsFDSfqvcL7S/wpkvGlZMKG7t8wEXmK','0','0','127.0.0.1','2023-05-20 13:21:19','','2023-02-04 12:42:51','','2023-05-20 13:21:18',NULL),(101,NULL,'gjd','gjd','00','1536@qq.com','18635621234','0','/profile/avatar/2023/04/07/abf35829-3771-4e69-93e0-5e800c893e7a.jpeg','$2a$10$uYoqQDF9.462RcTf0GYVVeFsFDSfqvcL7S/wpkvGlZMKG7t8wEXmK','0','2','127.0.0.1','2023-05-20 13:21:59','','2023-03-04 10:22:49','','2023-05-20 13:21:59',NULL),(102,NULL,'gjd11','gjd11','00','','','0','','$2a$10$uYoqQDF9.462RcTf0GYVVeFsFDSfqvcL7S/wpkvGlZMKG7t8wEXmK','0','2','127.0.0.1','2023-03-04 11:00:31','','2023-03-04 11:00:19','','2023-03-04 11:00:30',NULL),(103,NULL,'gjd22','gjd22','00','','15665231234','0','','$2a$10$uYoqQDF9.462RcTf0GYVVeFsFDSfqvcL7S/wpkvGlZMKG7t8wEXmK','0','2','127.0.0.1','2023-03-04 11:06:56','','2023-03-04 11:06:43','admin','2023-03-04 16:07:37',NULL),(104,NULL,'gjd123','gjd123','00','','','0','/profile/avatar/2023/03/04/328135e5-54e4-4956-ae03-2cf7ede927d5.jpeg','$2a$10$uYoqQDF9.462RcTf0GYVVeFsFDSfqvcL7S/wpkvGlZMKG7t8wEXmK','0','2','127.0.0.1','2023-03-04 14:00:38','','2023-03-04 14:00:26','','2023-03-04 14:00:38',NULL),(105,NULL,'guest1','guest1','00','','','0','','$2a$10$uYoqQDF9.462RcTf0GYVVeFsFDSfqvcL7S/wpkvGlZMKG7t8wEXmK','0','0','127.0.0.1','2023-04-07 16:16:17','','2023-04-07 16:16:06','','2023-04-07 16:16:16',NULL),(106,NULL,'test01','test01','00','','','0','','$2a$10$uYoqQDF9.462RcTf0GYVVeFsFDSfqvcL7S/wpkvGlZMKG7t8wEXmK','0','0','127.0.0.1','2024-01-04 13:25:15','','2023-05-09 15:19:35','','2024-01-04 13:25:14',NULL),(107,NULL,'test02','test02','00','','','0','/profile/avatar/2023/05/20/01f1e57a-9160-4fdb-9fbe-7a3a4f7e7d55.jpeg','$2a$10$uYoqQDF9.462RcTf0GYVVeFsFDSfqvcL7S/wpkvGlZMKG7t8wEXmK','0','0','127.0.0.1','2024-01-04 13:26:55','','2023-05-09 16:01:31','','2024-01-04 13:26:55',NULL),(108,NULL,'qqq','qqq','00','','','0','','$2a$10$uYoqQDF9.462RcTf0GYVVeFsFDSfqvcL7S/wpkvGlZMKG7t8wEXmK','0','0','127.0.0.1','2023-09-05 20:33:10','','2023-09-05 20:33:01','','2023-09-05 20:33:09',NULL),(109,NULL,'cs1','cs1','00','','','0','','$2a$10$uYoqQDF9.462RcTf0GYVVeFsFDSfqvcL7S/wpkvGlZMKG7t8wEXmK','0','0','127.0.0.1','2024-01-04 13:28:25','','2024-01-04 13:28:18','','2024-01-04 13:28:24',NULL),(110,NULL,'jack','jack','00','','','0','','$2a$10$uYoqQDF9.462RcTf0GYVVeFsFDSfqvcL7S/wpkvGlZMKG7t8wEXmK','0','0','127.0.0.1','2024-08-24 10:46:15','','2024-08-23 22:58:30','','2024-08-24 10:46:15',NULL);

/*Table structure for table `sys_user_address` */

DROP TABLE IF EXISTS `sys_user_address`;

CREATE TABLE `sys_user_address` (
  `id` bigint NOT NULL AUTO_INCREMENT COMMENT '地址ID',
  `user_id` bigint DEFAULT NULL COMMENT '用户ID',
  `nick_name` varchar(30) DEFAULT NULL COMMENT '用户昵称',
  `phonenumber` varchar(11) DEFAULT '' COMMENT '手机号码',
  `address` varchar(255) DEFAULT NULL COMMENT '地址',
  `is_default` char(1) DEFAULT '1' COMMENT '是否是默认地址（0是 1不是）',
  `del_flag` char(1) DEFAULT '0' COMMENT '删除标志（0代表存在 2代表删除）',
  `create_by` varchar(64) DEFAULT '' COMMENT '创建者',
  `create_time` datetime DEFAULT NULL COMMENT '创建时间',
  `update_by` varchar(64) DEFAULT '' COMMENT '更新者',
  `update_time` datetime DEFAULT NULL COMMENT '更新时间',
  `remark` varchar(500) DEFAULT NULL COMMENT '备注',
  PRIMARY KEY (`id`) USING BTREE
) ENGINE=InnoDB DEFAULT CHARSET=utf8mb3 ROW_FORMAT=DYNAMIC COMMENT='用户地址表';

/*Data for the table `sys_user_address` */

/*Table structure for table `sys_user_post` */

DROP TABLE IF EXISTS `sys_user_post`;

CREATE TABLE `sys_user_post` (
  `user_id` bigint NOT NULL COMMENT '用户ID',
  `post_id` bigint NOT NULL COMMENT '岗位ID',
  PRIMARY KEY (`user_id`,`post_id`) USING BTREE
) ENGINE=InnoDB DEFAULT CHARSET=utf8mb3 ROW_FORMAT=DYNAMIC COMMENT='用户与岗位关联表';

/*Data for the table `sys_user_post` */

insert  into `sys_user_post`(`user_id`,`post_id`) values (1,1),(2,2);

/*Table structure for table `sys_user_role` */

DROP TABLE IF EXISTS `sys_user_role`;

CREATE TABLE `sys_user_role` (
  `user_id` bigint NOT NULL COMMENT '用户ID',
  `role_id` bigint NOT NULL COMMENT '角色ID',
  PRIMARY KEY (`user_id`,`role_id`) USING BTREE
) ENGINE=InnoDB DEFAULT CHARSET=utf8mb3 ROW_FORMAT=DYNAMIC COMMENT='用户和角色关联表';

/*Data for the table `sys_user_role` */

insert  into `sys_user_role`(`user_id`,`role_id`) values (1,1),(2,2),(100,2),(105,2),(106,2),(107,2),(108,2),(109,2),(110,2);

/*Table structure for table `t_product` */

DROP TABLE IF EXISTS `t_product`;

CREATE TABLE `t_product` (
  `id` int NOT NULL AUTO_INCREMENT,
  `type_id` int DEFAULT NULL COMMENT '商品类型',
  `price` decimal(10,2) DEFAULT NULL COMMENT '价格',
  `product_name` varchar(100) DEFAULT NULL COMMENT '商品名称',
  `product_img` text COMMENT '商品图片',
  `product_details` text COMMENT '商品详情',
  `product_num` int DEFAULT NULL COMMENT '库存数量',
  `create_time` datetime DEFAULT NULL COMMENT '创建时间',
  `create_by` varchar(100) DEFAULT NULL COMMENT '创建人',
  `update_time` datetime DEFAULT NULL COMMENT '修改时间',
  `update_by` varchar(100) DEFAULT NULL COMMENT '修改人',
  PRIMARY KEY (`id`) USING BTREE
) ENGINE=InnoDB AUTO_INCREMENT=45 DEFAULT CHARSET=utf8mb3 ROW_FORMAT=DYNAMIC COMMENT='商品信息';

/*Data for the table `t_product` */

insert  into `t_product`(`id`,`type_id`,`price`,`product_name`,`product_img`,`product_details`,`product_num`,`create_time`,`create_by`,`update_time`,`update_by`) values (1,3,'46.00','金融思维','/profile/upload/2023/04/07/a51ea165-130e-4d63-baaf-5c780343e121.png','李成才推荐！《华尔街》《货币》学术顾问与总撰稿，以纪录片的务实加上金融事例的不可思议，教你掌握金融常识、培养金融思维，熟练投资理财',2,'2023-02-03 14:50:49','admin','2023-04-07 13:52:52','admin'),(2,2,'51.20','三体','/profile/upload/2023/04/07/65e4415b-a990-4289-be1c-f8927362358b.png','《三体》第73届世界科幻雨果奖获奖作品，银河奖特别奖，《三体3》轨迹奖长篇科幻小说！2017年世界雨果奖提名作品。',20,'2023-02-04 12:37:44','admin','2023-04-07 15:14:03','admin'),(3,3,'27.30','财富自由的起点','/profile/upload/2023/04/07/b84c01c3-cb55-49e1-8d50-be472daa357d.png','财富自由的起点 内卷时代更适合年轻人的投资创富指南，揭示新时代财富运行的底层逻辑，助你轻松开启财富自由之门。购书还可获取“钱月九财富私享课”等惊喜福利',2,'2023-02-04 12:42:12','admin','2023-04-07 13:51:58','admin'),(4,2,'38.00','献给阿尔吉侬的花束','/profile/upload/2023/04/07/13eee556-936b-4e8c-a14a-bf68728502c9.png','豆瓣9.1高分，豆瓣科幻小说榜Top10，6万+评分，10万+想读 囊括世界科幻小说两项大奖“星云奖”“雨果奖”，感动无数读者的人性关怀杰作 30多种语言译本，全球销量超过600万册',134,'2023-03-04 10:47:02','admin','2023-04-07 11:28:04','admin'),(5,2,'19.80','球状闪电','/profile/upload/2023/04/07/4d274017-3c3f-4f07-a1d9-8f5f0f40b148.png','《三体》系列前传， 亚洲首位雨果奖得主 第十八届银河奖特别奖 十届银河奖得主，刘慈欣被授予2018年度克拉克想象力服务社会奖',87,'2023-03-04 10:56:39','admin','2023-04-07 11:27:03','admin'),(6,2,'23.70','超新星纪元','/profile/upload/2023/04/07/b06c3ad1-b6ce-44a7-8bde-d4d440ca5ba1.png','世界没有大人了。如此简单的想法，推演出乍看荒诞细想真实令人发冷的未来。我们以为人类的传承理所当然，但完全由孩子创造的世界，还会和过去一样吗？',149,'2023-03-04 10:57:02','admin','2023-04-07 11:36:42','admin'),(7,2,'26.90','带上她的眼睛','/profile/upload/2023/04/07/9a3fdcf4-4c36-46bb-bae2-fbb772ae106f.png','科幻电影《流浪地球》《疯狂的外星人》原著小说 入选7年级下语文教材',86,'2023-03-04 11:09:14','admin','2023-04-07 11:36:34','admin'),(8,2,'22.50','银河帝国：基地','/profile/upload/2023/04/07/e9dc4ce6-c977-4584-be8a-61cd17fc03e6.png','阿西莫夫：永恒的科幻经典！阿西莫夫封神之作。人类历史上不容错过的系列小说——世界SF小说协会，1966年，俄亥俄州。附赠“银河帝国行政区”海报。读客熊猫君出品',14,'2023-03-04 13:55:54','admin','2023-04-07 11:36:53','admin'),(9,3,'44.50','富爸爸穷爸爸','/profile/upload/2023/04/07/0e171ec7-1f04-462f-ae83-aae1244eacdd.png','关于财商教育、投资理财知识的经典之作，你问十个人关于财商和理财的书籍，九个人会给你《推荐富爸爸穷爸爸》。里面有很多让你脑洞大开、重新审视三观的东西让你去发现。',1078,'2023-03-04 13:56:19','admin','2023-04-07 13:51:09','admin'),(10,3,'42.10','手把手教你读财报','/profile/upload/2023/04/07/9f0adada-92f6-4fcf-aff6-18b24c083384.png','知名投资人，畅销书作家唐朝力作！投资者写给投资者的排雷秘籍，自学者写给自学者的财报入门',11,'2023-03-04 13:56:36','admin','2023-04-07 13:49:59','admin'),(11,2,'24.00','克莱因壶','/profile/upload/2023/04/07/0cc057ff-207b-40d8-950c-2c1ba834847c.jpg','入围豆瓣图书Top130，豆瓣热门日系推理图书NO.6！日本虚拟现实VR题材开山神作！什么时候，你开始怀疑这个世界是假的？',40,'2023-03-04 13:57:11','admin','2023-04-07 11:17:22','admin'),(23,3,'49.00','日本蜡烛图技术','/profile/upload/2023/04/07/62076b67-e374-4631-a6af-6d1d1bd85c10.png','全新修订超20万字！“K线之父”史蒂夫·尼森畅销近30年的金融投资经典，中国知名金融学者和从业者丁圣元译，让大众熟知蜡烛图技术的开山之作。附赠作者印签+特写寄语。',100,'2023-04-07 14:33:43','admin','2023-04-07 14:33:43','admin'),(24,3,'67.50','财务自由之路','/profile/upload/2023/04/07/ae9cf546-d203-4775-a17c-01a2d08e8021.png','★全球销量1000万册 ★欧洲*金钱教练，轰动全球财经界的“欧洲巴菲特”博多·舍费尔 ★25万学员亲赴欧洲听他演讲，获得财务自由！ ★理念指导+操作技巧 助力投资新手、投资高手！',100,'2023-04-07 14:35:05','admin','2023-04-07 14:35:05','admin'),(25,3,'43.60','聪明的投资者','/profile/upload/2023/04/07/84849ecb-9815-4e4b-9ef1-0890001ac588.png','主要面向个人投资者，全面体现了格雷厄姆的价值投资思想，为普通人在证券投资策略的选择和执行方面提供了重要的指导。',100,'2023-04-07 14:37:09','admin','2023-04-07 14:37:09','admin'),(26,3,'24.80','股市进阶之道','/profile/upload/2023/04/07/15f4c0ff-bc29-40b8-9c95-6c2022945f1c.png','雪球、新浪人气博主水晶苍蝇拍鼎力之作,球创始人方三文、i美股资产管理人梁剑倾力推荐；徐星投资管理有限公司总经理 张东伟作序，腾讯财经专题推荐.',100,'2023-04-07 14:38:12','admin','2023-04-07 14:38:12','admin'),(27,6,'59.90','半小时漫画中国地理','/profile/upload/2023/04/07/42d5f2ab-5904-4989-b26a-ed8a9b94fbbe.png','假如全中国是个班级，地理知识就很好记。 漫画式科普开创者、3500万粉丝的陈磊 半小时漫画团队科普地理新系列！ 如果我们能把全中国看成一个班级，那这事儿就好理解了。 四川是外柔内刚的同学：平时看起来懒懒的很好',100,'2023-04-07 14:39:46','admin','2023-04-07 14:39:46','admin'),(28,6,'179.00','大横断','/profile/upload/2023/04/07/d206cc44-531e-4fe4-84e7-61460818dbb4.png','本书历时8 年，集百位户外人、摄影师及撰稿人对横断山区的挚爱与热忱，在峡谷密林、雪山冰川，风餐露宿，坚持前期文图实采；并以图文结合的方式，首次翔实而严谨地梳理了横断七脉，更加清晰直观地展现出横断山区的地形',99,'2023-04-07 14:41:21','admin','2023-04-07 14:41:21','admin'),(29,6,'41.90','上帝掷骰子么','/profile/upload/2023/04/07/90b26ee5-b572-4241-93c5-aba2af490ca1.png','国内ZUI畅销的科普神作，豆瓣评分9.2，创科普类图书中强大口碑。 刘慈欣盛赞： 教科书要是能这么有趣就好了！ 百万读者惊呼：原来物理这么燃！ 2.扎克伯格关注的科技前沿，全球下一轮新科技革命的引爆点。 美国能源部',88,'2023-04-07 14:42:36','admin','2023-04-07 14:42:36','admin'),(30,4,'105.00','伟人传记典藏纪念版','/profile/upload/2023/04/07/8a9def36-9deb-43c9-b880-283c88341d7e.png','方学者笔下的开国领袖传记。不懂得*、周恩来、邓小平，就不会真正理解一百年来的中国历史。',74,'2023-04-07 14:52:54','admin','2024-01-04 12:41:14','cs1'),(31,4,'29.90','赢家：齐达内传','/profile/upload/2023/04/07/f9e1a95f-0251-44f5-8b19-91f4ca9b2904.png','追踪报道30余年，著成的齐达内权威传记。读《齐达内传》，参透赢家哲学。书中全景纪录了齐达内传奇的足球生涯，帮你领悟“玄学”大师成功背后的人生哲学。',68,'2023-04-07 14:54:22','admin','2023-04-07 14:54:22','admin'),(32,4,'32.50','库有引力：斯蒂芬·库里传','/profile/upload/2023/04/07/acc74d1a-4cc3-4ba6-9d65-f3274e3965d0.png','至高规格致敬珍藏，海量图文甄选打造。 豪华附赠：库里珍藏大扑克牌 +《狂飙盛宴》超神纪念大海报+库里荣耀内藏长卷',33,'2023-04-07 14:56:37','admin','2024-01-04 12:52:52','cs1'),(33,4,'35.90','伊布自传','/profile/upload/2023/04/07/3e3a0e14-1395-40de-90a7-8ab5312dba87.png','“来时我如国王，去时我如传奇！这本书讲述的是我一路走过的足球旅程。别辜负自己的天赋，相信自己，努力工作。我的亲身经历已经证明，如果你永不言弃，一切皆有可能。”《天下足球》翻译作品。',86,'2023-04-07 14:57:49','admin','2024-01-04 12:41:14','cs1'),(34,4,'45.60','随风不逝·张国荣','/profile/upload/2023/04/07/4c7a5fa4-290f-410d-bbca-e07f6d2cec93.png','20周年，是时候想遍，心中所爱名字——张国荣',88,'2023-04-07 14:58:53','admin','2024-01-04 12:39:13','cs1'),(35,4,'29.90','拉下百叶窗的午后','/profile/upload/2025/04/21/744152b4-ae5c-43e3-9e54-29fc5d10a1d8.png','入选某瓣2021年度艺术·设计榜单，英伦传奇乐队Suede山羊皮主唱布雷特·安德森回忆录 揭秘山羊皮从一夜成名到黯然解散全过程 深度剖析音乐产业生态|揭示音乐产业运转真相|音乐爱好者的诚意之作',67,'2023-04-07 15:07:55','admin','2025-04-21 20:22:22','java1234'),(36,4,'29.80','苏东坡传','/profile/upload/2025/04/21/dea26ccf-a2ec-48a9-8fa9-5b70df6af91c.png','隐世才女白落梅慢沏一碗清茶，为你细述一代文豪苏东坡的快意人生。逆旅而行，几多困顿；飘然如风，几多潇洒。唯美插图珍藏版，附赠手绘精美书签！',97,'2023-04-07 15:08:52','admin','2025-04-21 20:22:13','java1234'),(37,1,'59.00','习近平新时代中国特色社会主义思想概论 2023新版','/profile/upload/2025/04/21/83ce4cd3-bddc-496a-b7f4-d5057a93c86c.png','该书是中央马工程重点教材，由马克思主义理论研究和建设工程办公室统筹组织编写，是第一部全面系统体现习近平新时代中国特色社会主义思想的全国高校思政课统编教材，由导论、结语和17章正文组成，各章均设有学习要点、本章小结、思考题及总书记金句、知识拓展、图表等多种形式的辅文。',64,'2023-04-07 15:51:35','admin','2025-04-21 20:22:04','java1234'),(38,1,'65.00','中医基础理论(五版教材)','/profile/upload/2025/04/21/3a9a2895-9b49-4bcb-ae1d-082d6aaec11a.png','中医基础理论，是研究和阐释中医学的基础理论和基本知识的一门学科。它的内容包括阴阳五行、藏象、经络、气血津液、病因和病机等方面的基础理论和基本知识，是学习中医中药其他各门学科的基础，是学习和研究中医药学的一门必修的基础理论课程。',39,'2023-04-07 15:52:22','admin','2025-04-21 20:21:55','java1234'),(39,1,'140.00','刑法学（第六版 上下册）\r\n','/profile/upload/2025/04/21/954319ec-9b03-4dea-a8c9-f4dcb83e38a7.png','张明楷教授代表作 扩容近六十万字，增加刑十一、刑十相关内容，增删、修改刑法基础论、犯罪论、法律后果论、罪刑各论等内容',30,'2023-04-07 15:53:21','admin','2025-04-21 20:21:43','java1234'),(40,1,'55.90','普通心理学(第5版）','/profile/upload/2025/04/21/979ad497-9dc5-4e06-8630-9dd1755c464b.png','它既是心理学专业的基础课教材，也是相关专业和心理学爱好者的入门教材，还是部分高校招收心理学博、硕士研究生的重要参考教材',86,'2023-04-07 15:54:29','admin','2025-04-21 20:21:35','java1234'),(41,8,'79.90','有一年','/profile/upload/2025/04/21/84b75e9e-1b2f-42ad-b061-3b2e644a8227.png','知名插画师、畅销漫画作品《生活蒙太奇》作者天然的插画作品集。这是一个生活观察者对美好生活无时无刻的记录。同时也是一个关于美的创作试验：连续365天生活速写，700多幅作品合集，呈现如诗如画的有一年。',97,'2023-04-07 15:56:02','admin','2025-04-21 20:21:27','java1234'),(42,8,'129.90','艺术与文明','/profile/upload/2025/04/21/b0797a56-67c1-43ba-9f54-3dd26f881659.png','著名美术史家范景中五十年心力之作，聚焦文艺复兴到18世纪天才艺术家层出不穷的黄金时代。陈丹青、许知远、巫鸿、朱良志、吕澎联合推荐，献给所有热爱艺术、热爱美的你。当当专属双赠品，送完为止！',95,'2023-04-07 15:57:00','admin','2025-04-21 20:21:19','java1234'),(43,8,'44.90','入世的巅峰','/profile/upload/2025/04/21/8f3a3c7c-86e5-4c30-aeb7-554e2a31b43e.png','清明上河图，藏着中国人的精神！百万人气公号“近似于透明的深蓝”作品，讲述流淌在我们骨血里的思想、文化与美的力量，更关于人如何过好这一生。豆瓣高分佳作！悲悯，绚丽又静默如迷。蒋勋、Tango推荐',95,'2023-04-07 15:57:46','admin','2025-04-21 20:21:10','java1234'),(44,8,'121.60','解异集','/profile/upload/2025/04/21/a110d320-95e9-4e6d-adfc-8e88654744f3.png','人气画手仙女绝美原创百妖神怪图鉴，出自近百部中国志怪典籍和民间传说，如《聊斋》中的鬼魅、《子不语》中的妖魔、《山海经》中的神祇等，为你打开浩瀚的民族传统文化宝库。',96,'2023-04-07 15:58:43','admin','2025-04-21 20:20:58','java1234');

/*Table structure for table `t_shopping_cart` */

DROP TABLE IF EXISTS `t_shopping_cart`;

CREATE TABLE `t_shopping_cart` (
  `id` int NOT NULL AUTO_INCREMENT COMMENT '主键Id',
  `user_id` int DEFAULT NULL COMMENT '用户id',
  `table_id` int DEFAULT NULL COMMENT '关联id',
  `num` int DEFAULT NULL COMMENT '数量',
  `price` decimal(10,2) DEFAULT NULL COMMENT '价格',
  `create_time` datetime DEFAULT NULL COMMENT '创建时间',
  `create_by` varchar(100) DEFAULT NULL COMMENT '创建人',
  `update_time` datetime DEFAULT NULL COMMENT '修改时间',
  `update_by` varchar(100) DEFAULT NULL COMMENT '修改人',
  `status` varchar(10) DEFAULT '1' COMMENT '是否结算（0：是，1：否）',
  PRIMARY KEY (`id`) USING BTREE
) ENGINE=InnoDB AUTO_INCREMENT=76 DEFAULT CHARSET=utf8mb3 ROW_FORMAT=DYNAMIC COMMENT='购物车';

/*Data for the table `t_shopping_cart` */

insert  into `t_shopping_cart`(`id`,`user_id`,`table_id`,`num`,`price`,`create_time`,`create_by`,`update_time`,`update_by`,`status`) values (1,1,1,1,'20.00','2023-02-03 17:44:13','admin','2023-02-03 17:49:40','admin','0'),(2,100,1,1,'20.00','2023-02-04 12:43:06','user1','2023-02-04 12:43:06','user1','0'),(3,101,3,12,'264.00','2023-03-04 10:44:43','gjd','2023-03-04 10:44:43','gjd','0'),(4,101,4,10,'1230.00','2023-03-04 10:52:34','gjd','2023-03-04 10:52:34','gjd','0'),(5,101,4,11,'1353.00','2023-03-04 10:53:51','gjd','2023-03-04 10:53:51','gjd','0'),(6,102,6,12,'396.00','2023-03-04 11:00:40','gjd11','2023-03-04 11:00:40','gjd11','0'),(7,102,5,12,'60.00','2023-03-04 11:03:36','gjd11','2023-03-04 11:03:36','gjd11','0'),(8,102,4,12,'1476.00','2023-03-04 11:03:40','gjd11','2023-03-04 11:03:40','gjd11','1'),(9,102,5,12,'60.00','2023-03-04 11:03:59','gjd11','2023-03-04 11:03:59','gjd11','1'),(10,100,7,12,'1332.00','2023-03-04 11:25:06','user1','2023-03-04 11:25:06','user1','0'),(11,100,6,2,'66.00','2023-03-04 11:25:10','user1','2023-03-04 11:25:10','user1','0'),(12,101,7,12,'1332.00','2023-03-04 12:04:29','gjd','2023-03-04 12:04:29','gjd','0'),(13,101,6,33,'1089.00','2023-03-04 12:04:55','gjd','2023-03-04 12:04:55','gjd','0'),(14,101,6,12,'396.00','2023-03-04 13:44:00','gjd','2023-03-04 13:44:00','gjd','0'),(15,101,3,6,'132.00','2023-03-04 13:52:52','gjd','2023-03-04 13:52:52','gjd','0'),(16,101,6,12,'396.00','2023-03-04 13:53:20','gjd','2023-03-04 13:53:20','gjd','0'),(17,101,5,12,'60.00','2023-03-04 13:58:15','gjd','2023-03-04 13:58:15','gjd','0'),(18,101,9,123,'1476.00','2023-03-04 13:58:45','gjd','2023-03-04 13:58:45','gjd','0'),(19,101,11,1200,'147600.00','2023-03-04 14:00:01','gjd','2023-03-04 14:00:01','gjd','0'),(20,104,11,1,'123.00','2023-03-04 14:00:44','gjd123','2023-03-04 14:00:44','gjd123','0'),(21,104,7,11,'1221.00','2023-03-04 14:01:23','gjd123','2023-03-04 14:01:23','gjd123','0'),(23,101,11,11,'1353.00','2023-03-04 17:56:36','gjd','2023-03-04 17:56:36','gjd','0'),(24,101,9,11,'132.00','2023-03-25 14:07:54','gjd','2023-03-25 14:07:54','gjd','0'),(28,101,9,1,'12.00','2023-04-07 08:43:51','gjd','2023-04-07 08:43:51','gjd','1'),(30,101,6,1,'33.00','2023-04-07 10:29:35','gjd','2023-04-07 10:29:35','gjd','0'),(34,101,10,2,'158.00','2023-04-07 18:44:35','gjd','2023-04-07 18:44:35','gjd','1'),(35,107,44,1,'9.80','2023-05-09 16:02:21','test02','2023-05-09 16:02:21','test02','0'),(36,107,44,2,'19.60','2023-05-12 16:54:55','test02','2023-05-12 16:54:55','test02','0'),(37,107,43,1,'14.90','2023-05-12 16:54:57','test02','2023-05-12 16:54:57','test02','0'),(38,107,42,3,'89.70','2023-05-12 16:55:00','test02','2023-05-12 16:55:00','test02','0'),(39,107,41,1,'29.90','2023-05-12 16:55:02','test02','2023-05-12 16:55:02','test02','0'),(40,100,44,1,'9.80','2023-05-14 10:32:31','user1','2023-05-14 10:32:31','user1','0'),(41,107,44,2,'19.60','2023-05-20 13:23:26','test02','2023-05-20 13:23:26','test02','1'),(42,107,42,1,'29.90','2023-05-20 13:23:28','test02','2023-05-20 13:23:28','test02','1'),(43,107,41,3,'89.70','2023-05-20 13:23:30','test02','2023-05-20 13:23:30','test02','1'),(44,107,40,1,'6199.00','2023-05-20 13:23:32','test02','2023-05-20 13:23:32','test02','1'),(45,107,37,1,'1899.00','2023-05-20 13:23:34','test02','2023-05-20 13:23:34','test02','1'),(46,107,34,3,'209.70','2023-05-20 13:23:38','test02','2023-05-20 13:23:38','test02','1'),(47,107,31,1,'45.90','2023-05-20 13:23:40','test02','2023-05-20 13:23:40','test02','1'),(48,107,25,1,'29.90','2023-05-20 13:23:44','test02','2023-05-20 13:23:44','test02','1'),(49,107,10,2,'158.00','2023-05-20 13:23:58','test02','2023-05-20 13:23:58','test02','1'),(50,107,43,22,'327.80','2023-05-20 13:24:20','test02','2023-05-20 13:24:20','test02','1'),(51,107,42,2,'59.80','2023-05-20 13:24:23','test02','2023-05-20 13:24:23','test02','1'),(52,107,38,2,'2798.00','2023-05-20 13:24:25','test02','2023-05-20 13:24:25','test02','1'),(53,107,37,2,'3798.00','2023-05-20 13:24:27','test02','2023-05-20 13:24:27','test02','1'),(54,107,36,2,'59.60','2023-05-20 13:24:29','test02','2023-05-20 13:24:29','test02','1'),(55,107,35,2,'59.80','2023-05-20 13:24:31','test02','2023-05-20 13:24:31','test02','1'),(56,107,2,2,'14998.00','2023-05-20 13:24:34','test02','2023-05-20 13:24:34','test02','1'),(57,107,1,2,'59.80','2023-05-20 13:24:36','test02','2023-05-20 13:24:36','test02','1'),(58,107,3,2,'206.00','2023-05-20 13:24:38','test02','2023-05-20 13:24:38','test02','1'),(59,107,43,1,'14.90','2023-05-20 13:24:51','test02','2023-05-20 13:24:51','test02','1'),(60,107,42,2,'59.80','2023-05-20 13:24:53','test02','2023-05-20 13:24:53','test02','1'),(61,107,36,1,'29.80','2023-05-20 13:24:56','test02','2023-05-20 13:24:56','test02','1'),(62,107,32,1,'37.80','2023-05-20 13:24:59','test02','2023-05-20 13:24:59','test02','1'),(63,107,31,1,'45.90','2023-05-20 13:25:01','test02','2023-05-20 13:25:01','test02','1'),(64,107,30,1,'19.90','2023-05-20 13:25:03','test02','2023-05-20 13:25:03','test02','1'),(65,108,44,1,'9.80','2023-09-05 20:33:34','qqq','2023-09-05 20:33:34','qqq','1'),(66,108,43,3,'44.70','2023-09-05 20:33:36','qqq','2023-09-05 20:33:36','qqq','0'),(67,109,6,1,'23.70','2024-01-04 13:28:54','cs1','2024-01-04 13:28:54','cs1','1'),(68,109,7,1,'26.90','2024-01-04 13:28:55','cs1','2024-01-04 13:28:55','cs1','1'),(69,109,8,1,'22.50','2024-01-04 13:28:57','cs1','2024-01-04 13:28:57','cs1','1'),(70,109,7,1,'26.90','2024-01-04 13:29:29','cs1','2024-01-04 13:29:29','cs1','1'),(71,109,8,1,'22.50','2024-01-04 13:29:31','cs1','2024-01-04 13:29:31','cs1','1'),(72,109,7,1,'26.90','2024-01-04 13:29:33','cs1','2024-01-04 13:29:33','cs1','1'),(73,110,40,1,'55.90','2024-08-23 22:59:25','jack','2024-08-23 22:59:25','jack','0'),(74,110,41,2,'159.80','2024-08-24 10:46:29','jack','2024-08-24 10:46:29','jack','0'),(75,110,36,2,'59.60','2024-08-24 10:46:32','jack','2024-08-24 10:46:32','jack','0');

/*Table structure for table `t_stock` */

DROP TABLE IF EXISTS `t_stock`;

CREATE TABLE `t_stock` (
  `id` int NOT NULL AUTO_INCREMENT COMMENT '主键Id',
  `table_id` int DEFAULT NULL COMMENT '关联Id',
  `type` char(1) DEFAULT NULL COMMENT '类型（0：入库，1：出库）',
  `num` int DEFAULT NULL COMMENT '数量',
  `create_time` datetime DEFAULT NULL COMMENT '创建时间',
  `update_time` datetime DEFAULT NULL COMMENT '修改时间',
  `create_by` varchar(100) DEFAULT NULL COMMENT '创建人',
  `update_by` varchar(100) DEFAULT NULL COMMENT '修改人',
  PRIMARY KEY (`id`) USING BTREE
) ENGINE=InnoDB AUTO_INCREMENT=16 DEFAULT CHARSET=utf8mb3 ROW_FORMAT=DYNAMIC COMMENT='出入库记录';

/*Data for the table `t_stock` */

insert  into `t_stock`(`id`,`table_id`,`type`,`num`,`create_time`,`update_time`,`create_by`,`update_by`) values (1,1,'0',2,'2023-02-03 16:20:42','2023-02-03 16:20:53','admin','admin'),(2,1,'1',1,'2023-02-03 16:31:11','2023-02-03 16:31:34','admin','admin'),(3,2,'0',20,'2023-02-04 12:37:56','2023-02-04 12:37:56','admin','admin'),(4,3,'0',20,'2023-02-04 12:42:23','2023-02-04 12:42:23','admin','admin'),(5,4,'0',156,'2023-03-04 10:48:29','2023-03-04 10:48:29','admin','admin'),(6,6,'0',221,'2023-03-04 10:57:43','2023-03-04 10:57:43','admin','admin'),(7,5,'0',111,'2023-03-04 10:57:58','2023-03-04 10:57:58','admin','admin'),(8,7,'0',121,'2023-03-04 11:09:26','2023-03-04 11:09:26','admin','admin'),(9,11,'0',1212,'2023-03-04 13:57:19','2023-03-04 13:57:19','admin','admin'),(10,9,'0',1212,'2023-03-04 13:57:26','2023-03-04 13:57:26','admin','admin'),(11,10,'0',11,'2023-03-04 13:57:32','2023-03-04 13:57:32','admin','admin'),(12,44,'0',100,'2023-04-07 18:46:36','2023-04-07 18:46:36','admin','admin'),(13,43,'0',100,'2023-04-07 18:46:47','2023-04-07 18:46:47','admin','admin'),(14,42,'0',100,'2023-04-07 18:46:54','2023-04-07 18:46:54','admin','admin'),(15,41,'0',100,'2023-04-07 18:47:03','2023-04-07 18:47:03','admin','admin');

/*Table structure for table `t_type` */

DROP TABLE IF EXISTS `t_type`;

CREATE TABLE `t_type` (
  `id` int NOT NULL AUTO_INCREMENT COMMENT '主键Id',
  `type_name` varchar(255) DEFAULT NULL COMMENT '类型名称',
  `create_time` datetime DEFAULT NULL COMMENT '创建时间',
  `create_by` varchar(100) DEFAULT NULL COMMENT '创建人',
  `update_time` datetime DEFAULT NULL COMMENT '修改时间',
  `update_by` varchar(100) DEFAULT NULL COMMENT '修改人',
  PRIMARY KEY (`id`) USING BTREE
) ENGINE=InnoDB AUTO_INCREMENT=9 DEFAULT CHARSET=utf8mb3 ROW_FORMAT=DYNAMIC COMMENT='类型';

/*Data for the table `t_type` */

insert  into `t_type`(`id`,`type_name`,`create_time`,`create_by`,`update_time`,`update_by`) values (1,'教育教材','2023-02-03 14:41:27','admin','2023-04-07 11:10:52','admin'),(2,'科幻小说','2023-02-03 14:41:31','admin','2023-04-07 11:10:58','admin'),(3,'理财知识','2023-02-03 14:41:39','admin','2023-04-07 11:12:41','admin'),(4,'人物传记','2023-04-07 11:07:08','admin','2023-04-07 11:13:44','admin'),(5,'人文社科','2023-04-07 11:07:23','admin','2023-04-07 11:13:57','admin'),(6,'科普读物','2023-04-07 11:07:33','admin','2023-04-07 11:14:08','admin'),(7,'居家生活','2023-04-07 11:08:40','admin','2023-04-07 11:14:23','admin'),(8,'文艺作品','2023-04-07 11:09:29','admin','2023-04-07 11:14:32','admin');

/*Table structure for table `t_like` */

DROP TABLE IF EXISTS `t_like`;

/*!50001 DROP VIEW IF EXISTS `t_like` */;
/*!50001 DROP TABLE IF EXISTS `t_like` */;

/*!50001 CREATE TABLE  `t_like`(
 `user_id` int ,
 `product_id` int ,
 `num` bigint ,
 `create_time` datetime 
)*/;

/*View structure for view t_like */

/*!50001 DROP TABLE IF EXISTS `t_like` */;
/*!50001 DROP VIEW IF EXISTS `t_like` */;

/*!50001 CREATE ALGORITHM=UNDEFINED DEFINER=`root`@`localhost` SQL SECURITY DEFINER VIEW `t_like` AS select `sc`.`user_id` AS `user_id`,`sc`.`table_id` AS `product_id`,count(1) AS `num`,max(`sc`.`create_time`) AS `create_time` from `t_shopping_cart` `sc` group by `sc`.`user_id`,`sc`.`table_id` */;

/*!40101 SET SQL_MODE=@OLD_SQL_MODE */;
/*!40014 SET FOREIGN_KEY_CHECKS=@OLD_FOREIGN_KEY_CHECKS */;
/*!40014 SET UNIQUE_CHECKS=@OLD_UNIQUE_CHECKS */;
/*!40111 SET SQL_NOTES=@OLD_SQL_NOTES */;
